個,1249,1249,10676,接尾辞,名詞性名詞助数辞,*,*,個,こ,*
ヶ,1249,1249,11021,接尾辞,名詞性名詞助数辞,*,*,ヶ,か,*
箇,1249,1249,10731,接尾辞,名詞性名詞助数辞,*,*,箇,か,*
か所,1249,1249,10845,接尾辞,名詞性名詞助数辞,*,*,か所,かしょ,*
カ所,1249,1249,10372,接尾辞,名詞性名詞助数辞,*,*,カ所,かしょ,*
ヶ所,1249,1249,10375,接尾辞,名詞性名詞助数辞,*,*,ヶ所,かしょ,*
箇所,1249,1249,10085,接尾辞,名詞性名詞助数辞,*,*,箇所,かしょ,*
か国,1249,1249,10887,接尾辞,名詞性名詞助数辞,*,*,か国,かこく,*
カ国,1249,1249,10640,接尾辞,名詞性名詞助数辞,*,*,カ国,かこく,*
ヶ国,1249,1249,10415,接尾辞,名詞性名詞助数辞,*,*,ヶ国,かこく,*
箇国,1249,1249,10124,接尾辞,名詞性名詞助数辞,*,*,箇国,かこく,*
人,1249,1249,15604,接尾辞,名詞性名詞助数辞,*,*,人,にん,*
名,1249,1249,12489,接尾辞,名詞性名詞助数辞,*,*,名,めい,*
本,1249,1249,9985,接尾辞,名詞性名詞助数辞,*,*,本,ほん,*
冊,1249,1249,9989,接尾辞,名詞性名詞助数辞,*,*,冊,さつ,*
通,1249,1249,10482,接尾辞,名詞性名詞助数辞,*,*,通,つう,*
台,1249,1249,10318,接尾辞,名詞性名詞助数辞,*,*,台,だい,*
匹,1249,1249,10090,接尾辞,名詞性名詞助数辞,*,*,匹,ひき,*
羽,1249,1249,10619,接尾辞,名詞性名詞助数辞,*,*,羽,わ,*
頭,1249,1249,10018,接尾辞,名詞性名詞助数辞,*,*,頭,とう,*
件,1249,1249,10460,接尾辞,名詞性名詞助数辞,*,*,件,けん,*
隻,1249,1249,10051,接尾辞,名詞性名詞助数辞,*,*,隻,せき,*
杯,1249,1249,8995,接尾辞,名詞性名詞助数辞,*,*,杯,はい,*
歩,1249,1249,11020,接尾辞,名詞性名詞助数辞,*,*,歩,ほ,*
滴,1249,1249,12570,接尾辞,名詞性名詞助数辞,*,*,滴,てき,*
社,1249,1249,10619,接尾辞,名詞性名詞助数辞,*,*,社,しゃ,*
会,1249,1249,13435,接尾辞,名詞性名詞助数辞,*,*,会,かい,*
歳,1249,1249,9644,接尾辞,名詞性名詞助数辞,*,*,歳,さい,*
才,1249,1249,10129,接尾辞,名詞性名詞助数辞,*,*,才,さい,*
条,1249,1249,9848,接尾辞,名詞性名詞助数辞,*,*,条,じょう,*
項,1249,1249,10118,接尾辞,名詞性名詞助数辞,*,*,項,こう,*
単位,1249,1249,10320,接尾辞,名詞性名詞助数辞,*,*,単位,たんい,*
番,1249,1249,6354,接尾辞,名詞性名詞助数辞,*,*,番,ばん,*
等,1249,1249,10950,接尾辞,名詞性名詞助数辞,*,*,等,とう,*
位,1249,1249,5752,接尾辞,名詞性名詞助数辞,*,*,位,い,*
種類,1249,1249,10249,接尾辞,名詞性名詞助数辞,*,*,種類,しゅるい,*
度,1249,1249,10054,接尾辞,名詞性名詞助数辞,*,*,度,ど,*
回,1249,1249,9370,接尾辞,名詞性名詞助数辞,*,*,回,かい,*
周,1249,1249,12836,接尾辞,名詞性名詞助数辞,*,*,周,しゅう,*
遍,1249,1249,10011,接尾辞,名詞性名詞助数辞,*,*,遍,へん,*
倍,1249,1249,9404,接尾辞,名詞性名詞助数辞,*,*,倍,ばい,*
％,1249,1249,3823,接尾辞,名詞性名詞助数辞,*,*,％,ぱーせんと,*
割,1249,1249,8427,接尾辞,名詞性名詞助数辞,*,*,割,わり,*
厘,1249,1249,9712,接尾辞,名詞性名詞助数辞,*,*,厘,りん,*
乗,1249,1249,10115,接尾辞,名詞性名詞助数辞,*,*,乗,じょう,*
増,1249,1249,8357,接尾辞,名詞性名詞助数辞,*,*,増,ぞう,*
減,1249,1249,10559,接尾辞,名詞性名詞助数辞,*,*,減,げん,*
連続,1249,1249,8990,接尾辞,名詞性名詞助数辞,*,*,連続,れんぞく,*
余り,1249,1249,8759,接尾辞,名詞性名詞助数辞,*,*,余り,あまり,*
余,1249,1249,9648,接尾辞,名詞性名詞助数辞,*,*,余,あまり,*
あまり,1249,1249,11194,接尾辞,名詞性名詞助数辞,*,*,あまり,あまり,*
戦,1249,1249,13385,接尾辞,名詞性名詞助数辞,*,*,戦,せん,*
勝,1249,1249,9475,接尾辞,名詞性名詞助数辞,*,*,勝,しょう,*
敗,1249,1249,9860,接尾辞,名詞性名詞助数辞,*,*,敗,はい,*
通り,1249,1249,8931,接尾辞,名詞性名詞助数辞,*,*,通り,とおり,*
とおり,1249,1249,10609,接尾辞,名詞性名詞助数辞,*,*,とおり,とおり,*
号,1249,1249,10042,接尾辞,名詞性名詞助数辞,*,*,号,ごう,*
階,1249,1249,10542,接尾辞,名詞性名詞助数辞,*,*,階,かい,*
泊,1249,1249,11308,接尾辞,名詞性名詞助数辞,*,*,泊,はく,*
世,1249,1249,10877,接尾辞,名詞性名詞助数辞,*,*,世,せい,*
基,1249,1249,11293,接尾辞,名詞性名詞助数辞,*,*,基,き,*
枚,1249,1249,10827,接尾辞,名詞性名詞助数辞,*,*,枚,まい,*
点,1249,1249,10693,接尾辞,名詞性名詞助数辞,*,*,点,てん,*
回生,1249,1249,10119,接尾辞,名詞性名詞助数辞,*,*,回生,かいせい,*
期生,1249,1249,10175,接尾辞,名詞性名詞助数辞,*,*,期生,きせい,*
年生,1249,1249,10184,接尾辞,名詞性名詞助数辞,*,*,年生,ねんせい,*
丁,1249,1249,9328,接尾辞,名詞性名詞助数辞,*,*,丁,ちょう,*
丁目,1249,1249,10233,接尾辞,名詞性名詞助数辞,*,*,丁目,ちょうめ,*
次,1249,1249,16367,接尾辞,名詞性名詞助数辞,*,*,次,じ,*
合,1249,1249,11336,接尾辞,名詞性名詞助数辞,*,*,合,ごう,*
軒,1249,1249,11702,接尾辞,名詞性名詞助数辞,*,*,軒,けん,*
戸,1249,1249,16334,接尾辞,名詞性名詞助数辞,*,*,戸,こ,*
角形,1249,1249,10088,接尾辞,名詞性名詞助数辞,*,*,角形,かくけい,*
センチ,1249,1249,10653,接尾辞,名詞性名詞助数辞,*,*,センチ,せんち,*
メートル,1249,1249,10340,接尾辞,名詞性名詞助数辞,*,*,メートル,めーとる,*
センチメートル,1249,1249,10377,接尾辞,名詞性名詞助数辞,*,*,センチメートル,せんちめーとる,*
ｋｍ,1249,1249,8402,接尾辞,名詞性名詞助数辞,*,*,ｋｍ,きろめーとる,*
ｍ,1249,1249,8425,接尾辞,名詞性名詞助数辞,*,*,ｍ,めーとる,*
ｃｍ,1249,1249,8402,接尾辞,名詞性名詞助数辞,*,*,ｃｍ,せんちめーとる,*
ｍｍ,1249,1249,8402,接尾辞,名詞性名詞助数辞,*,*,ｍｍ,みりめーとる,*
マイル,1249,1249,10395,接尾辞,名詞性名詞助数辞,*,*,マイル,まいる,*
光秒,1249,1249,10086,接尾辞,名詞性名詞助数辞,*,*,光秒,こうびょう,*
光年,1249,1249,10086,接尾辞,名詞性名詞助数辞,*,*,光年,こうねん,*
寸,1249,1249,10131,接尾辞,名詞性名詞助数辞,*,*,寸,すん,*
尺,1249,1249,10078,接尾辞,名詞性名詞助数辞,*,*,尺,しゃく,*
Å,1249,1249,4066,接尾辞,名詞性名詞助数辞,*,*,Å,おんぐすとろーむ,*
オングストローム,1249,1249,10377,接尾辞,名詞性名詞助数辞,*,*,オングストローム,おんぐすとろーむ,*
インチ,1249,1249,10377,接尾辞,名詞性名詞助数辞,*,*,インチ,いんち,*
ヤード,1249,1249,10365,接尾辞,名詞性名詞助数辞,*,*,ヤード,やーど,*
フィート,1249,1249,10377,接尾辞,名詞性名詞助数辞,*,*,フィート,ふぃーと,*
ガル,1249,1249,10397,接尾辞,名詞性名詞助数辞,*,*,ガル,がる,*
トン,1249,1249,10578,接尾辞,名詞性名詞助数辞,*,*,トン,とん,*
グラム,1249,1249,10563,接尾辞,名詞性名詞助数辞,*,*,グラム,ぐらむ,*
ｔ,1249,1249,8467,接尾辞,名詞性名詞助数辞,*,*,ｔ,とん,*
ｋｇ,1249,1249,8401,接尾辞,名詞性名詞助数辞,*,*,ｋｇ,きろぐらむ,*
ｇ,1249,1249,8464,接尾辞,名詞性名詞助数辞,*,*,ｇ,ぐらむ,*
ｍｇ,1249,1249,8401,接尾辞,名詞性名詞助数辞,*,*,ｍｇ,みりぐらむ,*
£,1249,1249,4033,接尾辞,名詞性名詞助数辞,*,*,£,ぽんど,*
ポンド,1249,1249,10278,接尾辞,名詞性名詞助数辞,*,*,ポンド,ぽんど,*
平方ミリメートル,1249,1249,10086,接尾辞,名詞性名詞助数辞,*,*,平方ミリメートル,へいほうみりめーとる,*
平方センチメートル,1249,1249,10086,接尾辞,名詞性名詞助数辞,*,*,平方センチメートル,へいほうせんちめーとる,*
平方メートル,1249,1249,10059,接尾辞,名詞性名詞助数辞,*,*,平方メートル,へいほうめーとる,*
平方キロメートル,1249,1249,10086,接尾辞,名詞性名詞助数辞,*,*,平方キロメートル,へいほうきろめーとる,*
平方キロ,1249,1249,10085,接尾辞,名詞性名詞助数辞,*,*,平方キロ,へいほうきろ,*
ｍｍ２,1249,1249,8402,接尾辞,名詞性名詞助数辞,*,*,ｍｍ２,へいほうみりめーとる,*
ｃｍ２,1249,1249,8402,接尾辞,名詞性名詞助数辞,*,*,ｃｍ２,へいほうせんちめーとる,*
ｍ２,1249,1249,8398,接尾辞,名詞性名詞助数辞,*,*,ｍ２,へいほうめーとる,*
ｋｍ２,1249,1249,8402,接尾辞,名詞性名詞助数辞,*,*,ｋｍ２,へいほうきろめーとる,*
アール,1249,1249,10377,接尾辞,名詞性名詞助数辞,*,*,アール,あーる,*
ヘクタール,1249,1249,10365,接尾辞,名詞性名詞助数辞,*,*,ヘクタール,へくたーる,*
ａ,1249,1249,8401,接尾辞,名詞性名詞助数辞,*,*,ａ,あーる,*
ｈａ,1249,1249,8400,接尾辞,名詞性名詞助数辞,*,*,ｈａ,へくたーる,*
エーカー,1249,1249,10376,接尾辞,名詞性名詞助数辞,*,*,エーカー,えーかー,*
坪,1249,1249,10020,接尾辞,名詞性名詞助数辞,*,*,坪,つぼ,*
つぼ,1249,1249,10783,接尾辞,名詞性名詞助数辞,*,*,つぼ,つぼ,*
畳,1249,1249,10002,接尾辞,名詞性名詞助数辞,*,*,畳,じょう,*
じょう,1249,1249,10760,接尾辞,名詞性名詞助数辞,*,*,じょう,じょう,*
平米,1249,1249,10086,接尾辞,名詞性名詞助数辞,*,*,平米,へいべい,*
へいべい,1249,1249,10846,接尾辞,名詞性名詞助数辞,*,*,へいべい,へいべい,*
円,1249,1249,7184,接尾辞,名詞性名詞助数辞,*,*,円,えん,*
銭,1249,1249,15225,接尾辞,名詞性名詞助数辞,*,*,銭,せん,*
両,1249,1249,11690,接尾辞,名詞性名詞助数辞,*,*,両,りょう,*
ドル,1249,1249,10469,接尾辞,名詞性名詞助数辞,*,*,ドル,どる,*
セント,1249,1249,10423,接尾辞,名詞性名詞助数辞,*,*,セント,せんと,*
ユーロ,1249,1249,10377,接尾辞,名詞性名詞助数辞,*,*,ユーロ,ゆーろ,*
フラン,1249,1249,9524,接尾辞,名詞性名詞助数辞,*,*,フラン,ふらん,*
ペソ,1249,1249,11484,接尾辞,名詞性名詞助数辞,*,*,ペソ,ぺそ,*
ルーブル,1249,1249,10911,接尾辞,名詞性名詞助数辞,*,*,ルーブル,るーぶる,*
マルク,1249,1249,10192,接尾辞,名詞性名詞助数辞,*,*,マルク,まるく,*
元,1249,1249,9378,接尾辞,名詞性名詞助数辞,*,*,元,げん,*
ウォン,1249,1249,10379,接尾辞,名詞性名詞助数辞,*,*,ウォン,うぉん,*
ルピー,1249,1249,10374,接尾辞,名詞性名詞助数辞,*,*,ルピー,るぴー,*
バーツ,1249,1249,11637,接尾辞,名詞性名詞助数辞,*,*,バーツ,ばーつ,*
世紀,1249,1249,9994,接尾辞,名詞性名詞助数辞,*,*,世紀,せいき,*
年度,1249,1249,8117,接尾辞,名詞性名詞助数辞,*,*,年度,ねんど,*
月,1249,1249,8279,接尾辞,名詞性名詞助数辞,*,*,月,がつ,*
週,1249,1249,10124,接尾辞,名詞性名詞助数辞,*,*,週,しゅう,*
日,1249,1249,8777,接尾辞,名詞性名詞助数辞,*,*,日,にち,*
時,1249,1249,7990,接尾辞,名詞性名詞助数辞,*,*,時,じ,*
分,1249,1249,8183,接尾辞,名詞性名詞助数辞,*,*,分,ふん,*
秒,1249,1249,9646,接尾辞,名詞性名詞助数辞,*,*,秒,びょう,*
年間,1249,1249,9458,接尾辞,名詞性名詞助数辞,*,*,年間,ねんかん,*
か年,1249,1249,10800,接尾辞,名詞性名詞助数辞,*,*,か年,かねん,*
カ年,1249,1249,10369,接尾辞,名詞性名詞助数辞,*,*,カ年,かねん,*
ヶ年,1249,1249,10370,接尾辞,名詞性名詞助数辞,*,*,ヶ年,かねん,*
箇年,1249,1249,10080,接尾辞,名詞性名詞助数辞,*,*,箇年,かねん,*
月間,1249,1249,10104,接尾辞,名詞性名詞助数辞,*,*,月間,つきかん,*
か月,1249,1249,10859,接尾辞,名詞性名詞助数辞,*,*,か月,かげつ,*
カ月,1249,1249,10463,接尾辞,名詞性名詞助数辞,*,*,カ月,かげつ,*
ヶ月,1249,1249,10389,接尾辞,名詞性名詞助数辞,*,*,ヶ月,かげつ,*
箇月,1249,1249,10099,接尾辞,名詞性名詞助数辞,*,*,箇月,かげつ,*
か月間,1249,1249,10833,接尾辞,名詞性名詞助数辞,*,*,か月間,かげつかん,*
カ月間,1249,1249,10283,接尾辞,名詞性名詞助数辞,*,*,カ月間,かげつかん,*
ヶ月間,1249,1249,10363,接尾辞,名詞性名詞助数辞,*,*,ヶ月間,かげつかん,*
箇月間,1249,1249,10073,接尾辞,名詞性名詞助数辞,*,*,箇月間,かげつかん,*
週間,1249,1249,10637,接尾辞,名詞性名詞助数辞,*,*,週間,しゅうかん,*
日間,1249,1249,8716,接尾辞,名詞性名詞助数辞,*,*,日間,にちかん,*
時間,1249,1249,7510,接尾辞,名詞性名詞助数辞,*,*,時間,じかん,*
分間,1249,1249,9549,接尾辞,名詞性名詞助数辞,*,*,分間,ふんかん,*
秒間,1249,1249,10079,接尾辞,名詞性名詞助数辞,*,*,秒間,びょうかん,*
立方センチメートル,1249,1249,10086,接尾辞,名詞性名詞助数辞,*,*,立方センチメートル,りっぽうせんちめーとる,*
立方メートル,1249,1249,10086,接尾辞,名詞性名詞助数辞,*,*,立方メートル,りっぽうめーとる,*
立方キロメートル,1249,1249,10086,接尾辞,名詞性名詞助数辞,*,*,立方キロメートル,りっぽうきろめーとる,*
立方キロ,1249,1249,10086,接尾辞,名詞性名詞助数辞,*,*,立方キロ,りっぽうきろ,*
ｃｍ３,1249,1249,8402,接尾辞,名詞性名詞助数辞,*,*,ｃｍ３,りっぽうめーとる,*
ｍ３,1249,1249,8402,接尾辞,名詞性名詞助数辞,*,*,ｍ３,りっぽうめーとる,*
ｋｍ３,1249,1249,8402,接尾辞,名詞性名詞助数辞,*,*,ｋｍ３,りっぽうきろめーとる,*
リットル,1249,1249,9871,接尾辞,名詞性名詞助数辞,*,*,リットル,りっとる,*
ｍｌ,1249,1249,8401,接尾辞,名詞性名詞助数辞,*,*,ｍｌ,みりりっとる,*
ｌ,1249,1249,8328,接尾辞,名詞性名詞助数辞,*,*,ｌ,りっとる,*
ｋｌ,1249,1249,8401,接尾辞,名詞性名詞助数辞,*,*,ｋｌ,きろりっとる,*
ｃｃ,1249,1249,8694,接尾辞,名詞性名詞助数辞,*,*,ｃｃ,しーしー,*
ＣＣ,1249,1249,10452,接尾辞,名詞性名詞助数辞,*,*,ＣＣ,しーしー,*
バレル,1249,1249,10636,接尾辞,名詞性名詞助数辞,*,*,バレル,ばれる,*
ガロン,1249,1249,10377,接尾辞,名詞性名詞助数辞,*,*,ガロン,がろん,*
℃,1249,1249,4066,接尾辞,名詞性名詞助数辞,*,*,℃,どしー,*
Ｋ,1249,1249,9146,接尾辞,名詞性名詞助数辞,*,*,Ｋ,けるびん,*
ケルビン,1249,1249,10484,接尾辞,名詞性名詞助数辞,*,*,ケルビン,けるびん,*
ボルト,1249,1249,10257,接尾辞,名詞性名詞助数辞,*,*,ボルト,ぼると,*
ｍＶ,1249,1249,8402,接尾辞,名詞性名詞助数辞,*,*,ｍＶ,みりぼると,*
Ｖ,1249,1249,8408,接尾辞,名詞性名詞助数辞,*,*,Ｖ,ぼると,*
ｋＶ,1249,1249,8402,接尾辞,名詞性名詞助数辞,*,*,ｋＶ,きろぼると,*
アンペア,1249,1249,10650,接尾辞,名詞性名詞助数辞,*,*,アンペア,あんぺあ,*
ｍＡ,1249,1249,8402,接尾辞,名詞性名詞助数辞,*,*,ｍＡ,みりあんぺあ,*
Ａ,1249,1249,10639,接尾辞,名詞性名詞助数辞,*,*,Ａ,あんぺあ,*
ｋＡ,1249,1249,8402,接尾辞,名詞性名詞助数辞,*,*,ｋＡ,きろあんぺあ,*
ワット,1249,1249,10514,接尾辞,名詞性名詞助数辞,*,*,ワット,わっと,*
ｍＷ,1249,1249,8402,接尾辞,名詞性名詞助数辞,*,*,ｍＷ,みりわっと,*
Ｗ,1249,1249,9197,接尾辞,名詞性名詞助数辞,*,*,Ｗ,わっと,*
ｋＷ,1249,1249,8401,接尾辞,名詞性名詞助数辞,*,*,ｋＷ,きろわっと,*
ヘルツ,1249,1249,10378,接尾辞,名詞性名詞助数辞,*,*,ヘルツ,へるつ,*
Ｈｚ,1249,1249,8402,接尾辞,名詞性名詞助数辞,*,*,Ｈｚ,へるつ,*
ｋＨｚ,1249,1249,8401,接尾辞,名詞性名詞助数辞,*,*,ｋＨｚ,きろへるつ,*
ＭＨｚ,1249,1249,8402,接尾辞,名詞性名詞助数辞,*,*,ＭＨｚ,めがへるつ,*
ビット,1249,1249,10693,接尾辞,名詞性名詞助数辞,*,*,ビット,びっと,*
バイト,1249,1249,10320,接尾辞,名詞性名詞助数辞,*,*,バイト,ばいと,*
ｂｉｔ,1249,1249,8447,接尾辞,名詞性名詞助数辞,*,*,ｂｉｔ,びっと,*
ｂｙｔｅ,1249,1249,8373,接尾辞,名詞性名詞助数辞,*,*,ｂｙｔｅ,ばいと,*
ＫＢ,1249,1249,8402,接尾辞,名詞性名詞助数辞,*,*,ＫＢ,きろばいと,*
ＭＢ,1249,1249,8402,接尾辞,名詞性名詞助数辞,*,*,ＭＢ,めがばいと,*
ＧＢ,1249,1249,8454,接尾辞,名詞性名詞助数辞,*,*,ＧＢ,ぎがばいと,*
ホン,1249,1249,10716,接尾辞,名詞性名詞助数辞,*,*,ホン,ほん,*
ルクス,1249,1249,10377,接尾辞,名詞性名詞助数辞,*,*,ルクス,るくす,*
゜,1249,1249,11381,接尾辞,名詞性名詞助数辞,*,*,゜,ど,*
ヘクトパスカル,1249,1249,10377,接尾辞,名詞性名詞助数辞,*,*,ヘクトパスカル,へくとぱすかる,*
ｈＰａ,1249,1249,8402,接尾辞,名詞性名詞助数辞,*,*,ｈＰａ,へくとぱすかる,*
超,1248,1248,9657,接尾辞,名詞性特殊接尾辞,*,*,超,ちょう,*
以内,1248,1248,10132,接尾辞,名詞性特殊接尾辞,*,*,以内,いない,*
暮れ,1248,1248,8844,接尾辞,名詞性特殊接尾辞,*,*,暮れ,くれ,*
くれ,1248,1248,11130,接尾辞,名詞性特殊接尾辞,*,*,くれ,くれ,*
末,1248,1248,13628,接尾辞,名詞性特殊接尾辞,*,*,末,まつ,*
限り,1248,1248,10122,接尾辞,名詞性特殊接尾辞,*,*,限り,かぎり,*
かぎり,1248,1248,10890,接尾辞,名詞性特殊接尾辞,*,*,かぎり,かぎり,*
過ぎ,1248,1248,9707,接尾辞,名詞性特殊接尾辞,*,*,過ぎ,すぎ,*
すぎ,1248,1248,11353,接尾辞,名詞性特殊接尾辞,*,*,すぎ,すぎ,*
以降,1248,1248,9982,接尾辞,名詞性特殊接尾辞,*,*,以降,いこう,*
以来,1248,1248,9017,接尾辞,名詞性特殊接尾辞,*,*,以来,いらい,*
以後,1248,1248,8883,接尾辞,名詞性特殊接尾辞,*,*,以後,いご,*
以前,1248,1248,8990,接尾辞,名詞性特殊接尾辞,*,*,以前,いぜん,*
半,1248,1248,9974,接尾辞,名詞性特殊接尾辞,*,*,半,はん,*
強,1248,1248,11473,接尾辞,名詞性特殊接尾辞,*,*,強,きょう,*
弱,1248,1248,9744,接尾辞,名詞性特殊接尾辞,*,*,弱,じゃく,*
付,1248,1248,13148,接尾辞,名詞性特殊接尾辞,*,*,付,づけ,*
道,1248,1248,10752,接尾辞,名詞性特殊接尾辞,*,*,道,どう,*
県,1248,1248,10693,接尾辞,名詞性特殊接尾辞,*,*,県,けん,*
市,1248,1248,13041,接尾辞,名詞性特殊接尾辞,*,*,市,し,*
村,1248,1248,11584,接尾辞,名詞性特殊接尾辞,*,*,村,むら,*
州,1248,1248,13714,接尾辞,名詞性特殊接尾辞,*,*,州,しゅう,*
省,1248,1248,12179,接尾辞,名詞性特殊接尾辞,*,*,省,しょう,*
さん,1250,1250,6390,接尾辞,名詞性名詞接尾辞,*,*,さん,さん,*
君,1250,1250,7857,接尾辞,名詞性名詞接尾辞,*,*,君,くん,*
くん,1250,1250,9138,接尾辞,名詞性名詞接尾辞,*,*,くん,くん,*
様,1250,1250,8068,接尾辞,名詞性名詞接尾辞,*,*,様,さま,*
さま,1250,1250,13942,接尾辞,名詞性名詞接尾辞,*,*,さま,さま,*
殿,1250,1250,8010,接尾辞,名詞性名詞接尾辞,*,*,殿,どの,*
氏,1250,1250,4220,接尾辞,名詞性名詞接尾辞,*,*,氏,し,*
ちゃん,1250,1250,7361,接尾辞,名詞性名詞接尾辞,*,*,ちゃん,ちゃん,*
チャン,1250,1250,12457,接尾辞,名詞性名詞接尾辞,*,*,チャン,ちゃん,*
以上,1250,1250,3850,接尾辞,名詞性名詞接尾辞,*,*,以上,いじょう,*
以下,1250,1250,7117,接尾辞,名詞性名詞接尾辞,*,*,以下,いか,*
未満,1250,1250,7841,接尾辞,名詞性名詞接尾辞,*,*,未満,みまん,*
近く,1250,1250,7551,接尾辞,名詞性名詞接尾辞,*,*,近く,ちかく,*
ちかく,1250,1250,9142,接尾辞,名詞性名詞接尾辞,*,*,ちかく,ちかく,*
以外,1250,1250,6506,接尾辞,名詞性名詞接尾辞,*,*,以外,いがい,*
率,1250,1250,7364,接尾辞,名詞性名詞接尾辞,*,*,率,りつ,*
くらい,1250,1250,11081,接尾辞,名詞性名詞接尾辞,*,*,くらい,くらい,*
ぐらい,1250,1250,9462,接尾辞,名詞性名詞接尾辞,*,*,ぐらい,ぐらい,*
程,1250,1250,9005,接尾辞,名詞性名詞接尾辞,*,*,程,ほど,*
ほど,1250,1250,6925,接尾辞,名詞性名詞接尾辞,*,*,ほど,ほど,*
間,1250,1250,8652,接尾辞,名詞性名詞接尾辞,*,*,間,かん,*
前,1250,1250,6810,接尾辞,名詞性名詞接尾辞,*,*,前,まえ,*
後,1250,1250,7635,接尾辞,名詞性名詞接尾辞,*,*,後,ご,*
前後,1250,1250,8915,接尾辞,名詞性名詞接尾辞,*,*,前後,ぜんご,*
程度,1250,1250,7254,接尾辞,名詞性名詞接尾辞,*,*,程度,ていど,*
頃,1250,1250,8154,接尾辞,名詞性名詞接尾辞,*,*,頃,ころ,*
ころ,1250,1250,9776,接尾辞,名詞性名詞接尾辞,*,*,ころ,ころ,*
ごろ,1250,1250,8333,接尾辞,名詞性名詞接尾辞,*,*,ごろ,ごろ,*
ずつ,1250,1250,9107,接尾辞,名詞性名詞接尾辞,*,*,ずつ,ずつ,*
あたり,1250,1250,9317,接尾辞,名詞性名詞接尾辞,*,*,あたり,あたり,*
当たり,1250,1250,6122,接尾辞,名詞性名詞接尾辞,*,*,当たり,あたり,*
当り,1250,1250,7655,接尾辞,名詞性名詞接尾辞,*,*,当り,あたり,*
辺り,1250,1250,7952,接尾辞,名詞性名詞接尾辞,*,*,辺り,あたり,*
おき,1250,1250,9198,接尾辞,名詞性名詞接尾辞,*,*,おき,おき,*
ごと,1250,1250,8949,接尾辞,名詞性名詞接尾辞,*,*,ごと,ごと,*
振り,1250,1250,8054,接尾辞,名詞性名詞接尾辞,*,*,振り,ぶり,*
振,1250,1250,8555,接尾辞,名詞性名詞接尾辞,*,*,振,ぶり,*
ぶり,1250,1250,7973,接尾辞,名詞性名詞接尾辞,*,*,ぶり,ぶり,*
っぷり,1250,1250,9164,接尾辞,名詞性名詞接尾辞,*,*,っぷり,っぷり,*
目,1250,1250,7702,接尾辞,名詞性名詞接尾辞,*,*,目,め,*
め,1250,1250,9024,接尾辞,名詞性名詞接尾辞,*,*,め,め,*
だらけ,1250,1250,9138,接尾辞,名詞性名詞接尾辞,*,*,だらけ,だらけ,*
さなか,1250,1250,9590,接尾辞,名詞性名詞接尾辞,*,*,さなか,さなか,*
かたがた,1250,1250,9145,接尾辞,名詞性名詞接尾辞,*,*,かたがた,かたがた,*
自体,1250,1250,8661,接尾辞,名詞性名詞接尾辞,*,*,自体,じたい,*
じたい,1250,1250,9171,接尾辞,名詞性名詞接尾辞,*,*,じたい,じたい,*
達,1250,1250,9577,接尾辞,名詞性名詞接尾辞,*,*,達,たち,*
たち,1250,1250,8785,接尾辞,名詞性名詞接尾辞,*,*,たち,たち,*
ら,1250,1250,10456,接尾辞,名詞性名詞接尾辞,*,*,ら,ら,*
同士,1250,1250,7885,接尾辞,名詞性名詞接尾辞,*,*,同士,どうし,*
どうし,1250,1250,9138,接尾辞,名詞性名詞接尾辞,*,*,どうし,どうし,*
方,1250,1250,10716,接尾辞,名詞性名詞接尾辞,*,*,方,がた,*
型,1250,1250,7394,接尾辞,名詞性名詞接尾辞,*,*,型,かた,*
形,1250,1250,7010,接尾辞,名詞性名詞接尾辞,*,*,形,かた,*
型,1250,1250,11543,接尾辞,名詞性名詞接尾辞,*,*,型,けい,*
形,1250,1250,9995,接尾辞,名詞性名詞接尾辞,*,*,形,けい,*
用,1250,1250,7500,接尾辞,名詞性名詞接尾辞,*,*,用,よう,*
製,1250,1250,7391,接尾辞,名詞性名詞接尾辞,*,*,製,せい,*
家,1250,1250,10339,接尾辞,名詞性名詞接尾辞,*,*,家,か,*
者,1250,1250,8178,接尾辞,名詞性名詞接尾辞,*,*,者,しゃ,*
勢,1250,1250,10322,接尾辞,名詞性名詞接尾辞,*,*,勢,ぜい,*
数,1250,1250,7568,接尾辞,名詞性名詞接尾辞,*,*,数,すう,*
っ子,1250,1250,9062,接尾辞,名詞性名詞接尾辞,*,*,っ子,っこ,*
っこ,1250,1250,8467,接尾辞,名詞性名詞接尾辞,*,*,っこ,っこ,*
代,1250,1250,8496,接尾辞,名詞性名詞接尾辞,*,*,代,だい,*
費,1250,1250,8695,接尾辞,名詞性名詞接尾辞,*,*,費,ひ,*
学,1250,1250,11311,接尾辞,名詞性名詞接尾辞,*,*,学,がく,*
性,1250,1250,8037,接尾辞,名詞性名詞接尾辞,*,*,性,せい,*
的,1250,1250,7514,接尾辞,名詞性名詞接尾辞,*,*,的,てき,*
気味,1250,1250,9244,接尾辞,名詞性名詞接尾辞,*,*,気味,ぎみ,*
ぎみ,1250,1250,9356,接尾辞,名詞性名詞接尾辞,*,*,ぎみ,ぎみ,*
調,1250,1250,9413,接尾辞,名詞性名詞接尾辞,*,*,調,ちょう,*
むき,1250,1250,9183,接尾辞,名詞性名詞接尾辞,*,*,むき,むき,*
向き,1250,1250,8115,接尾辞,名詞性名詞接尾辞,*,*,向き,むき,*
むけ,1250,1250,9159,接尾辞,名詞性名詞接尾辞,*,*,むけ,むけ,*
向け,1250,1250,8129,接尾辞,名詞性名詞接尾辞,*,*,向け,むけ,*
化,1250,1250,7598,接尾辞,名詞性名詞接尾辞,*,*,化,か,*
入り,1250,1250,7214,接尾辞,名詞性名詞接尾辞,*,*,入り,いり,*
あけ,1250,1250,9501,接尾辞,名詞性名詞接尾辞,*,*,あけ,あけ,*
中,1250,1250,7975,接尾辞,名詞性名詞接尾辞,*,*,中,ちゅう,*
下,1250,1250,13362,接尾辞,名詞性名詞接尾辞,*,*,下,か,*
そのもの,1250,1250,6560,接尾辞,名詞性名詞接尾辞,*,*,そのもの,そのもの,*
作り,1250,1250,8764,接尾辞,名詞性名詞接尾辞,*,*,作り,づくり,*
づくり,1250,1250,9286,接尾辞,名詞性名詞接尾辞,*,*,づくり,づくり,*
造り,1250,1250,8151,接尾辞,名詞性名詞接尾辞,*,*,造り,づくり,*
がかり,1250,1250,8993,接尾辞,名詞性名詞接尾辞,*,*,がかり,がかり,*
足らず,1250,1250,7569,接尾辞,名詞性名詞接尾辞,*,*,足らず,たらず,*
たらず,1250,1250,9098,接尾辞,名詞性名詞接尾辞,*,*,たらず,たらず,*
がらみ,1250,1250,9621,接尾辞,名詞性名詞接尾辞,*,*,がらみ,がらみ,*
ぐるみ,1250,1250,9144,接尾辞,名詞性名詞接尾辞,*,*,ぐるみ,ぐるみ,*
ならでは,1250,1250,9129,接尾辞,名詞性名詞接尾辞,*,*,ならでは,ならでは,*
ずみ,1250,1250,9170,接尾辞,名詞性名詞接尾辞,*,*,ずみ,ずみ,*
あて,1250,1250,9211,接尾辞,名詞性名詞接尾辞,*,*,あて,あて,*
宛,1250,1250,7903,接尾辞,名詞性名詞接尾辞,*,*,宛,あて,*
ぞろい,1250,1250,9145,接尾辞,名詞性名詞接尾辞,*,*,ぞろい,ぞろい,*
がえ,1250,1250,9145,接尾辞,名詞性名詞接尾辞,*,*,がえ,がえ,*
側,1250,1250,7980,接尾辞,名詞性名詞接尾辞,*,*,側,がわ,*
ずくめ,1250,1250,9143,接尾辞,名詞性名詞接尾辞,*,*,ずくめ,ずくめ,*
ずく,1250,1250,9146,接尾辞,名詞性名詞接尾辞,*,*,ずく,ずく,*
無し,1250,1250,7812,接尾辞,名詞性名詞接尾辞,*,*,無し,なし,*
なし,1250,1250,8562,接尾辞,名詞性名詞接尾辞,*,*,なし,なし,*
ごとき,1250,1250,9150,接尾辞,名詞性名詞接尾辞,*,*,ごとき,ごとき,*
如き,1250,1250,7898,接尾辞,名詞性名詞接尾辞,*,*,如き,ごとき,*
その他,1250,1250,8533,接尾辞,名詞性名詞接尾辞,*,*,その他,そのた,*
級,1250,1250,8537,接尾辞,名詞性名詞接尾辞,*,*,級,きゅう,*
どころ,1250,1250,9398,接尾辞,名詞性名詞接尾辞,*,*,どころ,どころ,*
づたい,1250,1250,9145,接尾辞,名詞性名詞接尾辞,*,*,づたい,づたい,*
別,1250,1250,10193,接尾辞,名詞性名詞接尾辞,*,*,別,べつ,*
行き,1250,1250,7733,接尾辞,名詞性名詞接尾辞,*,*,行き,いき,*
さ,1247,1247,4742,接尾辞,名詞性述語接尾辞,*,*,さ,さ,*
み,1247,1247,10063,接尾辞,名詞性述語接尾辞,*,*,み,み,*
め,1247,1247,8825,接尾辞,名詞性述語接尾辞,*,*,め,め,*
気,1247,1247,9882,接尾辞,名詞性述語接尾辞,*,*,気,げ,*
げ,1247,1247,9210,接尾辞,名詞性述語接尾辞,*,*,げ,げ,*
方,1247,1247,9791,接尾辞,名詞性述語接尾辞,*,*,方,かた,*
かた,1247,1247,8663,接尾辞,名詞性述語接尾辞,*,*,かた,かた,*
手,1247,1247,10520,接尾辞,名詞性述語接尾辞,*,*,手,て,*
たて,1247,1247,9377,接尾辞,名詞性述語接尾辞,*,*,たて,たて,*
振り,1247,1247,8816,接尾辞,名詞性述語接尾辞,*,*,振り,ぶり,*
振,1247,1247,9150,接尾辞,名詞性述語接尾辞,*,*,振,ぶり,*
ぶり,1247,1247,9753,接尾辞,名詞性述語接尾辞,*,*,ぶり,ぶり,*
っぷり,1247,1247,8973,接尾辞,名詞性述語接尾辞,*,*,っぷり,っぷり,*
放題,1247,1247,8675,接尾辞,名詞性述語接尾辞,*,*,放題,ほうだい,*
ほうだい,1247,1247,8955,接尾辞,名詞性述語接尾辞,*,*,ほうだい,ほうだい,*
様,1247,1247,9401,接尾辞,名詞性述語接尾辞,*,*,様,よう,*
がい,1247,1247,8647,接尾辞,名詞性述語接尾辞,*,*,がい,がい,*
くさ,994,994,9292,接尾辞,形容詞性名詞接尾辞,イ形容詞アウオ段,語幹,くさい,くさ,*
くさい,990,990,9597,接尾辞,形容詞性名詞接尾辞,イ形容詞アウオ段,基本形,くさい,くさい,*
くさかれ,1000,1000,9600,接尾辞,形容詞性名詞接尾辞,イ形容詞アウオ段,命令形,くさい,くさかれ,*
くさかろう,992,992,9600,接尾辞,形容詞性名詞接尾辞,イ形容詞アウオ段,基本推量形,くさい,くさかろう,*
くさければ,991,991,9600,接尾辞,形容詞性名詞接尾辞,イ形容詞アウオ段,基本条件形,くさい,くさければ,*
くさく,993,993,9600,接尾辞,形容詞性名詞接尾辞,イ形容詞アウオ段,基本連用形,くさい,くさく,*
くさかった,981,981,9600,接尾辞,形容詞性名詞接尾辞,イ形容詞アウオ段,タ形,くさい,くさかった,*
くさかったろう,983,983,9600,接尾辞,形容詞性名詞接尾辞,イ形容詞アウオ段,タ系推量形,くさい,くさかったろう,*
くさかったら,982,982,9600,接尾辞,形容詞性名詞接尾辞,イ形容詞アウオ段,タ系条件形,くさい,くさかったら,*
くさくて,987,987,9600,接尾辞,形容詞性名詞接尾辞,イ形容詞アウオ段,タ系連用テ形,くさい,くさくて,*
くさかったり,984,984,9600,接尾辞,形容詞性名詞接尾辞,イ形容詞アウオ段,タ系連用タリ形,くさい,くさかったり,*
くさくちゃ,985,985,9600,接尾辞,形容詞性名詞接尾辞,イ形容詞アウオ段,タ系連用チャ形,くさい,くさくちゃ,*
くさくっちゃ,986,986,9600,接尾辞,形容詞性名詞接尾辞,イ形容詞アウオ段,タ系連用チャ形２,くさい,くさくっちゃ,*
くさけりゃ,988,988,9600,接尾辞,形容詞性名詞接尾辞,イ形容詞アウオ段,音便条件形,くさい,くさけりゃ,*
くさきゃ,989,989,9600,接尾辞,形容詞性名詞接尾辞,イ形容詞アウオ段,音便条件形２,くさい,くさきゃ,*
くさし,995,995,9600,接尾辞,形容詞性名詞接尾辞,イ形容詞アウオ段,文語基本形,くさい,くさし,*
くさから,996,996,9600,接尾辞,形容詞性名詞接尾辞,イ形容詞アウオ段,文語未然形,くさい,くさから,*
くさう,999,999,9600,接尾辞,形容詞性名詞接尾辞,イ形容詞アウオ段,文語連用形,くさい,くさう,*
くさき,998,998,9599,接尾辞,形容詞性名詞接尾辞,イ形容詞アウオ段,文語連体形,くさい,くさき,*
くさかれ,997,997,9600,接尾辞,形容詞性名詞接尾辞,イ形容詞アウオ段,文語命令形,くさい,くさかれ,*
っぽ,994,994,9600,接尾辞,形容詞性名詞接尾辞,イ形容詞アウオ段,語幹,っぽい,っぽ,*
っぽい,990,990,9600,接尾辞,形容詞性名詞接尾辞,イ形容詞アウオ段,基本形,っぽい,っぽい,*
っぽかれ,1000,1000,9599,接尾辞,形容詞性名詞接尾辞,イ形容詞アウオ段,命令形,っぽい,っぽかれ,*
っぽかろう,992,992,9599,接尾辞,形容詞性名詞接尾辞,イ形容詞アウオ段,基本推量形,っぽい,っぽかろう,*
っぽければ,991,991,9599,接尾辞,形容詞性名詞接尾辞,イ形容詞アウオ段,基本条件形,っぽい,っぽければ,*
っぽく,993,993,9599,接尾辞,形容詞性名詞接尾辞,イ形容詞アウオ段,基本連用形,っぽい,っぽく,*
っぽかった,981,981,9599,接尾辞,形容詞性名詞接尾辞,イ形容詞アウオ段,タ形,っぽい,っぽかった,*
っぽかったろう,983,983,9599,接尾辞,形容詞性名詞接尾辞,イ形容詞アウオ段,タ系推量形,っぽい,っぽかったろう,*
っぽかったら,982,982,9599,接尾辞,形容詞性名詞接尾辞,イ形容詞アウオ段,タ系条件形,っぽい,っぽかったら,*
っぽくて,987,987,9599,接尾辞,形容詞性名詞接尾辞,イ形容詞アウオ段,タ系連用テ形,っぽい,っぽくて,*
っぽかったり,984,984,9599,接尾辞,形容詞性名詞接尾辞,イ形容詞アウオ段,タ系連用タリ形,っぽい,っぽかったり,*
っぽくちゃ,985,985,9599,接尾辞,形容詞性名詞接尾辞,イ形容詞アウオ段,タ系連用チャ形,っぽい,っぽくちゃ,*
っぽくっちゃ,986,986,9599,接尾辞,形容詞性名詞接尾辞,イ形容詞アウオ段,タ系連用チャ形２,っぽい,っぽくっちゃ,*
っぽけりゃ,988,988,9599,接尾辞,形容詞性名詞接尾辞,イ形容詞アウオ段,音便条件形,っぽい,っぽけりゃ,*
っぽきゃ,989,989,9599,接尾辞,形容詞性名詞接尾辞,イ形容詞アウオ段,音便条件形２,っぽい,っぽきゃ,*
っぽし,995,995,9599,接尾辞,形容詞性名詞接尾辞,イ形容詞アウオ段,文語基本形,っぽい,っぽし,*
っぽから,996,996,9599,接尾辞,形容詞性名詞接尾辞,イ形容詞アウオ段,文語未然形,っぽい,っぽから,*
っぽう,999,999,9601,接尾辞,形容詞性名詞接尾辞,イ形容詞アウオ段,文語連用形,っぽい,っぽう,*
っぽき,998,998,9599,接尾辞,形容詞性名詞接尾辞,イ形容詞アウオ段,文語連体形,っぽい,っぽき,*
っぽかれ,997,997,9599,接尾辞,形容詞性名詞接尾辞,イ形容詞アウオ段,文語命令形,っぽい,っぽかれ,*
的,1067,1067,8944,接尾辞,形容詞性名詞接尾辞,ナ形容詞,語幹,的だ,てき,*
的だ,1066,1066,6573,接尾辞,形容詞性名詞接尾辞,ナ形容詞,基本形,的だ,てきだ,*
的なれ,1047,1047,7014,接尾辞,形容詞性名詞接尾辞,ナ形容詞,ダ列命令形,的だ,てきなれ,*
的な,1043,1043,6837,接尾辞,形容詞性名詞接尾辞,ナ形容詞,ダ列基本連体形,的だ,てきな,*
的だろう,1042,1042,7014,接尾辞,形容詞性名詞接尾辞,ナ形容詞,ダ列基本推量形,的だ,てきだろう,*
的ならば,1041,1041,7014,接尾辞,形容詞性名詞接尾辞,ナ形容詞,ダ列基本条件形,的だ,てきならば,*
的に,1044,1044,5296,接尾辞,形容詞性名詞接尾辞,ナ形容詞,ダ列基本連用形,的だ,てきに,*
的だった,1035,1035,7030,接尾辞,形容詞性名詞接尾辞,ナ形容詞,ダ列タ形,的だ,てきだった,*
的だったろう,1037,1037,7014,接尾辞,形容詞性名詞接尾辞,ナ形容詞,ダ列タ系推量形,的だ,てきだったろう,*
的だったら,1036,1036,7014,接尾辞,形容詞性名詞接尾辞,ナ形容詞,ダ列タ系条件形,的だ,てきだったら,*
的で,1040,1040,6722,接尾辞,形容詞性名詞接尾辞,ナ形容詞,ダ列タ系連用テ形,的だ,てきで,*
的だったり,1039,1039,7014,接尾辞,形容詞性名詞接尾辞,ナ形容詞,ダ列タ系連用タリ形,的だ,てきだったり,*
的じゃ,1038,1038,7014,接尾辞,形容詞性名詞接尾辞,ナ形容詞,ダ列タ系連用ジャ形,的だ,てきじゃ,*
的なる,1046,1046,6973,接尾辞,形容詞性名詞接尾辞,ナ形容詞,ダ列文語連体形,的だ,てきなる,*
的なれば,1045,1045,7014,接尾辞,形容詞性名詞接尾辞,ナ形容詞,ダ列文語条件形,的だ,てきなれば,*
的である,1053,1053,6809,接尾辞,形容詞性名詞接尾辞,ナ形容詞,デアル列基本形,的だ,てきである,*
的であれ,1057,1057,7014,接尾辞,形容詞性名詞接尾辞,ナ形容詞,デアル列命令形,的だ,てきであれ,*
的であろう,1055,1055,7014,接尾辞,形容詞性名詞接尾辞,ナ形容詞,デアル列基本推量形,的だ,てきであろう,*
的であれば,1054,1054,7014,接尾辞,形容詞性名詞接尾辞,ナ形容詞,デアル列基本条件形,的だ,てきであれば,*
的であり,1056,1056,7025,接尾辞,形容詞性名詞接尾辞,ナ形容詞,デアル列基本連用形,的だ,てきであり,*
的であった,1048,1048,7014,接尾辞,形容詞性名詞接尾辞,ナ形容詞,デアル列タ形,的だ,てきであった,*
的であったろう,1050,1050,7014,接尾辞,形容詞性名詞接尾辞,ナ形容詞,デアル列タ系推量形,的だ,てきであったろう,*
的であったら,1049,1049,7014,接尾辞,形容詞性名詞接尾辞,ナ形容詞,デアル列タ系条件形,的だ,てきであったら,*
的であって,1052,1052,7014,接尾辞,形容詞性名詞接尾辞,ナ形容詞,デアル列タ系連用テ形,的だ,てきであって,*
的であったり,1051,1051,7014,接尾辞,形容詞性名詞接尾辞,ナ形容詞,デアル列タ系連用タリ形,的だ,てきであったり,*
的です,1063,1063,7015,接尾辞,形容詞性名詞接尾辞,ナ形容詞,デス列基本形,的だ,てきです,*
的でしょう,1064,1064,7014,接尾辞,形容詞性名詞接尾辞,ナ形容詞,デス列基本推量形,的だ,てきでしょう,*
的でしょ,1065,1065,7014,接尾辞,形容詞性名詞接尾辞,ナ形容詞,デス列省略推量形,的だ,てきでしょ,*
的でした,1058,1058,7014,接尾辞,形容詞性名詞接尾辞,ナ形容詞,デス列タ形,的だ,てきでした,*
的でしたろう,1060,1060,7014,接尾辞,形容詞性名詞接尾辞,ナ形容詞,デス列タ系推量形,的だ,てきでしたろう,*
的でしたら,1059,1059,7014,接尾辞,形容詞性名詞接尾辞,ナ形容詞,デス列タ系条件形,的だ,てきでしたら,*
的でして,1062,1062,7014,接尾辞,形容詞性名詞接尾辞,ナ形容詞,デス列タ系連用テ形,的だ,てきでして,*
的でしたり,1061,1061,7014,接尾辞,形容詞性名詞接尾辞,ナ形容詞,デス列タ系連用タリ形,的だ,てきでしたり,*
がち,1034,1034,9563,接尾辞,形容詞性名詞接尾辞,ナノ形容詞,語幹,がちだ,がち,*
がちだ,1033,1033,9594,接尾辞,形容詞性名詞接尾辞,ナノ形容詞,基本形,がちだ,がちだ,*
がちなれ,1014,1014,9444,接尾辞,形容詞性名詞接尾辞,ナノ形容詞,ダ列命令形,がちだ,がちなれ,*
がちな,1009,1009,9186,接尾辞,形容詞性名詞接尾辞,ナノ形容詞,ダ列基本連体形,がちだ,がちな,*
がちの,1011,1011,9391,接尾辞,形容詞性名詞接尾辞,ナノ形容詞,ダ列特殊連体形,がちだ,がちの,*
がちだろう,1008,1008,9444,接尾辞,形容詞性名詞接尾辞,ナノ形容詞,ダ列基本推量形,がちだ,がちだろう,*
がちならば,1007,1007,9444,接尾辞,形容詞性名詞接尾辞,ナノ形容詞,ダ列基本条件形,がちだ,がちならば,*
がちに,1010,1010,9039,接尾辞,形容詞性名詞接尾辞,ナノ形容詞,ダ列基本連用形,がちだ,がちに,*
がちだった,1001,1001,9475,接尾辞,形容詞性名詞接尾辞,ナノ形容詞,ダ列タ形,がちだ,がちだった,*
がちだったろう,1003,1003,9444,接尾辞,形容詞性名詞接尾辞,ナノ形容詞,ダ列タ系推量形,がちだ,がちだったろう,*
がちだったら,1002,1002,9444,接尾辞,形容詞性名詞接尾辞,ナノ形容詞,ダ列タ系条件形,がちだ,がちだったら,*
がちで,1006,1006,9414,接尾辞,形容詞性名詞接尾辞,ナノ形容詞,ダ列タ系連用テ形,がちだ,がちで,*
がちだったり,1005,1005,9444,接尾辞,形容詞性名詞接尾辞,ナノ形容詞,ダ列タ系連用タリ形,がちだ,がちだったり,*
がちじゃ,1004,1004,9444,接尾辞,形容詞性名詞接尾辞,ナノ形容詞,ダ列タ系連用ジャ形,がちだ,がちじゃ,*
がちなる,1013,1013,9444,接尾辞,形容詞性名詞接尾辞,ナノ形容詞,ダ列文語連体形,がちだ,がちなる,*
がちなれば,1012,1012,9444,接尾辞,形容詞性名詞接尾辞,ナノ形容詞,ダ列文語条件形,がちだ,がちなれば,*
がちである,1020,1020,9471,接尾辞,形容詞性名詞接尾辞,ナノ形容詞,デアル列基本形,がちだ,がちである,*
がちであれ,1024,1024,9444,接尾辞,形容詞性名詞接尾辞,ナノ形容詞,デアル列命令形,がちだ,がちであれ,*
がちであろう,1022,1022,9444,接尾辞,形容詞性名詞接尾辞,ナノ形容詞,デアル列基本推量形,がちだ,がちであろう,*
がちであれば,1021,1021,9444,接尾辞,形容詞性名詞接尾辞,ナノ形容詞,デアル列基本条件形,がちだ,がちであれば,*
がちであり,1023,1023,9444,接尾辞,形容詞性名詞接尾辞,ナノ形容詞,デアル列基本連用形,がちだ,がちであり,*
がちであった,1015,1015,9444,接尾辞,形容詞性名詞接尾辞,ナノ形容詞,デアル列タ形,がちだ,がちであった,*
がちであったろう,1017,1017,9444,接尾辞,形容詞性名詞接尾辞,ナノ形容詞,デアル列タ系推量形,がちだ,がちであったろう,*
がちであったら,1016,1016,9444,接尾辞,形容詞性名詞接尾辞,ナノ形容詞,デアル列タ系条件形,がちだ,がちであったら,*
がちであって,1019,1019,9444,接尾辞,形容詞性名詞接尾辞,ナノ形容詞,デアル列タ系連用テ形,がちだ,がちであって,*
がちであったり,1018,1018,9444,接尾辞,形容詞性名詞接尾辞,ナノ形容詞,デアル列タ系連用タリ形,がちだ,がちであったり,*
がちです,1030,1030,9481,接尾辞,形容詞性名詞接尾辞,ナノ形容詞,デス列基本形,がちだ,がちです,*
がちでしょう,1031,1031,9444,接尾辞,形容詞性名詞接尾辞,ナノ形容詞,デス列基本推量形,がちだ,がちでしょう,*
がちでしょ,1032,1032,9444,接尾辞,形容詞性名詞接尾辞,ナノ形容詞,デス列省略推量形,がちだ,がちでしょ,*
がちでした,1025,1025,9457,接尾辞,形容詞性名詞接尾辞,ナノ形容詞,デス列タ形,がちだ,がちでした,*
がちでしたろう,1027,1027,9444,接尾辞,形容詞性名詞接尾辞,ナノ形容詞,デス列タ系推量形,がちだ,がちでしたろう,*
がちでしたら,1026,1026,9444,接尾辞,形容詞性名詞接尾辞,ナノ形容詞,デス列タ系条件形,がちだ,がちでしたら,*
がちでして,1029,1029,9444,接尾辞,形容詞性名詞接尾辞,ナノ形容詞,デス列タ系連用テ形,がちだ,がちでして,*
がちでしたり,1028,1028,9444,接尾辞,形容詞性名詞接尾辞,ナノ形容詞,デス列タ系連用タリ形,がちだ,がちでしたり,*
気味,1034,1034,7271,接尾辞,形容詞性名詞接尾辞,ナノ形容詞,語幹,気味だ,ぎみ,*
気味だ,1033,1033,7094,接尾辞,形容詞性名詞接尾辞,ナノ形容詞,基本形,気味だ,ぎみだ,*
気味なれ,1014,1014,7100,接尾辞,形容詞性名詞接尾辞,ナノ形容詞,ダ列命令形,気味だ,ぎみなれ,*
気味な,1009,1009,7099,接尾辞,形容詞性名詞接尾辞,ナノ形容詞,ダ列基本連体形,気味だ,ぎみな,*
気味の,1011,1011,6409,接尾辞,形容詞性名詞接尾辞,ナノ形容詞,ダ列特殊連体形,気味だ,ぎみの,*
気味だろう,1008,1008,7100,接尾辞,形容詞性名詞接尾辞,ナノ形容詞,ダ列基本推量形,気味だ,ぎみだろう,*
気味ならば,1007,1007,7100,接尾辞,形容詞性名詞接尾辞,ナノ形容詞,ダ列基本条件形,気味だ,ぎみならば,*
気味に,1010,1010,6914,接尾辞,形容詞性名詞接尾辞,ナノ形容詞,ダ列基本連用形,気味だ,ぎみに,*
気味だった,1001,1001,7089,接尾辞,形容詞性名詞接尾辞,ナノ形容詞,ダ列タ形,気味だ,ぎみだった,*
気味だったろう,1003,1003,7100,接尾辞,形容詞性名詞接尾辞,ナノ形容詞,ダ列タ系推量形,気味だ,ぎみだったろう,*
気味だったら,1002,1002,7100,接尾辞,形容詞性名詞接尾辞,ナノ形容詞,ダ列タ系条件形,気味だ,ぎみだったら,*
気味で,1006,1006,7082,接尾辞,形容詞性名詞接尾辞,ナノ形容詞,ダ列タ系連用テ形,気味だ,ぎみで,*
気味だったり,1005,1005,7100,接尾辞,形容詞性名詞接尾辞,ナノ形容詞,ダ列タ系連用タリ形,気味だ,ぎみだったり,*
気味じゃ,1004,1004,7100,接尾辞,形容詞性名詞接尾辞,ナノ形容詞,ダ列タ系連用ジャ形,気味だ,ぎみじゃ,*
気味なる,1013,1013,7100,接尾辞,形容詞性名詞接尾辞,ナノ形容詞,ダ列文語連体形,気味だ,ぎみなる,*
気味なれば,1012,1012,7100,接尾辞,形容詞性名詞接尾辞,ナノ形容詞,ダ列文語条件形,気味だ,ぎみなれば,*
気味である,1020,1020,7100,接尾辞,形容詞性名詞接尾辞,ナノ形容詞,デアル列基本形,気味だ,ぎみである,*
気味であれ,1024,1024,7100,接尾辞,形容詞性名詞接尾辞,ナノ形容詞,デアル列命令形,気味だ,ぎみであれ,*
気味であろう,1022,1022,7100,接尾辞,形容詞性名詞接尾辞,ナノ形容詞,デアル列基本推量形,気味だ,ぎみであろう,*
気味であれば,1021,1021,7100,接尾辞,形容詞性名詞接尾辞,ナノ形容詞,デアル列基本条件形,気味だ,ぎみであれば,*
気味であり,1023,1023,7081,接尾辞,形容詞性名詞接尾辞,ナノ形容詞,デアル列基本連用形,気味だ,ぎみであり,*
気味であった,1015,1015,7100,接尾辞,形容詞性名詞接尾辞,ナノ形容詞,デアル列タ形,気味だ,ぎみであった,*
気味であったろう,1017,1017,7100,接尾辞,形容詞性名詞接尾辞,ナノ形容詞,デアル列タ系推量形,気味だ,ぎみであったろう,*
気味であったら,1016,1016,7100,接尾辞,形容詞性名詞接尾辞,ナノ形容詞,デアル列タ系条件形,気味だ,ぎみであったら,*
気味であって,1019,1019,7100,接尾辞,形容詞性名詞接尾辞,ナノ形容詞,デアル列タ系連用テ形,気味だ,ぎみであって,*
気味であったり,1018,1018,7100,接尾辞,形容詞性名詞接尾辞,ナノ形容詞,デアル列タ系連用タリ形,気味だ,ぎみであったり,*
気味です,1030,1030,7100,接尾辞,形容詞性名詞接尾辞,ナノ形容詞,デス列基本形,気味だ,ぎみです,*
気味でしょう,1031,1031,7100,接尾辞,形容詞性名詞接尾辞,ナノ形容詞,デス列基本推量形,気味だ,ぎみでしょう,*
気味でしょ,1032,1032,7100,接尾辞,形容詞性名詞接尾辞,ナノ形容詞,デス列省略推量形,気味だ,ぎみでしょ,*
気味でした,1025,1025,7100,接尾辞,形容詞性名詞接尾辞,ナノ形容詞,デス列タ形,気味だ,ぎみでした,*
気味でしたろう,1027,1027,7100,接尾辞,形容詞性名詞接尾辞,ナノ形容詞,デス列タ系推量形,気味だ,ぎみでしたろう,*
気味でしたら,1026,1026,7100,接尾辞,形容詞性名詞接尾辞,ナノ形容詞,デス列タ系条件形,気味だ,ぎみでしたら,*
気味でして,1029,1029,7100,接尾辞,形容詞性名詞接尾辞,ナノ形容詞,デス列タ系連用テ形,気味だ,ぎみでして,*
気味でしたり,1028,1028,7100,接尾辞,形容詞性名詞接尾辞,ナノ形容詞,デス列タ系連用タリ形,気味だ,ぎみでしたり,*
ぎみ,1034,1034,9767,接尾辞,形容詞性名詞接尾辞,ナノ形容詞,語幹,ぎみだ,ぎみ,*
ぎみだ,1033,1033,9581,接尾辞,形容詞性名詞接尾辞,ナノ形容詞,基本形,ぎみだ,ぎみだ,*
ぎみなれ,1014,1014,9583,接尾辞,形容詞性名詞接尾辞,ナノ形容詞,ダ列命令形,ぎみだ,ぎみなれ,*
ぎみな,1009,1009,9583,接尾辞,形容詞性名詞接尾辞,ナノ形容詞,ダ列基本連体形,ぎみだ,ぎみな,*
ぎみの,1011,1011,9410,接尾辞,形容詞性名詞接尾辞,ナノ形容詞,ダ列特殊連体形,ぎみだ,ぎみの,*
ぎみだろう,1008,1008,9583,接尾辞,形容詞性名詞接尾辞,ナノ形容詞,ダ列基本推量形,ぎみだ,ぎみだろう,*
ぎみならば,1007,1007,9583,接尾辞,形容詞性名詞接尾辞,ナノ形容詞,ダ列基本条件形,ぎみだ,ぎみならば,*
ぎみに,1010,1010,9536,接尾辞,形容詞性名詞接尾辞,ナノ形容詞,ダ列基本連用形,ぎみだ,ぎみに,*
ぎみだった,1001,1001,9563,接尾辞,形容詞性名詞接尾辞,ナノ形容詞,ダ列タ形,ぎみだ,ぎみだった,*
ぎみだったろう,1003,1003,9583,接尾辞,形容詞性名詞接尾辞,ナノ形容詞,ダ列タ系推量形,ぎみだ,ぎみだったろう,*
ぎみだったら,1002,1002,9583,接尾辞,形容詞性名詞接尾辞,ナノ形容詞,ダ列タ系条件形,ぎみだ,ぎみだったら,*
ぎみで,1006,1006,9578,接尾辞,形容詞性名詞接尾辞,ナノ形容詞,ダ列タ系連用テ形,ぎみだ,ぎみで,*
ぎみだったり,1005,1005,9583,接尾辞,形容詞性名詞接尾辞,ナノ形容詞,ダ列タ系連用タリ形,ぎみだ,ぎみだったり,*
ぎみじゃ,1004,1004,9583,接尾辞,形容詞性名詞接尾辞,ナノ形容詞,ダ列タ系連用ジャ形,ぎみだ,ぎみじゃ,*
ぎみなる,1013,1013,9583,接尾辞,形容詞性名詞接尾辞,ナノ形容詞,ダ列文語連体形,ぎみだ,ぎみなる,*
ぎみなれば,1012,1012,9583,接尾辞,形容詞性名詞接尾辞,ナノ形容詞,ダ列文語条件形,ぎみだ,ぎみなれば,*
ぎみである,1020,1020,9583,接尾辞,形容詞性名詞接尾辞,ナノ形容詞,デアル列基本形,ぎみだ,ぎみである,*
ぎみであれ,1024,1024,9583,接尾辞,形容詞性名詞接尾辞,ナノ形容詞,デアル列命令形,ぎみだ,ぎみであれ,*
ぎみであろう,1022,1022,9583,接尾辞,形容詞性名詞接尾辞,ナノ形容詞,デアル列基本推量形,ぎみだ,ぎみであろう,*
ぎみであれば,1021,1021,9583,接尾辞,形容詞性名詞接尾辞,ナノ形容詞,デアル列基本条件形,ぎみだ,ぎみであれば,*
ぎみであり,1023,1023,9578,接尾辞,形容詞性名詞接尾辞,ナノ形容詞,デアル列基本連用形,ぎみだ,ぎみであり,*
ぎみであった,1015,1015,9583,接尾辞,形容詞性名詞接尾辞,ナノ形容詞,デアル列タ形,ぎみだ,ぎみであった,*
ぎみであったろう,1017,1017,9583,接尾辞,形容詞性名詞接尾辞,ナノ形容詞,デアル列タ系推量形,ぎみだ,ぎみであったろう,*
ぎみであったら,1016,1016,9583,接尾辞,形容詞性名詞接尾辞,ナノ形容詞,デアル列タ系条件形,ぎみだ,ぎみであったら,*
ぎみであって,1019,1019,9583,接尾辞,形容詞性名詞接尾辞,ナノ形容詞,デアル列タ系連用テ形,ぎみだ,ぎみであって,*
ぎみであったり,1018,1018,9583,接尾辞,形容詞性名詞接尾辞,ナノ形容詞,デアル列タ系連用タリ形,ぎみだ,ぎみであったり,*
ぎみです,1030,1030,9583,接尾辞,形容詞性名詞接尾辞,ナノ形容詞,デス列基本形,ぎみだ,ぎみです,*
ぎみでしょう,1031,1031,9583,接尾辞,形容詞性名詞接尾辞,ナノ形容詞,デス列基本推量形,ぎみだ,ぎみでしょう,*
ぎみでしょ,1032,1032,9583,接尾辞,形容詞性名詞接尾辞,ナノ形容詞,デス列省略推量形,ぎみだ,ぎみでしょ,*
ぎみでした,1025,1025,9583,接尾辞,形容詞性名詞接尾辞,ナノ形容詞,デス列タ形,ぎみだ,ぎみでした,*
ぎみでしたろう,1027,1027,9583,接尾辞,形容詞性名詞接尾辞,ナノ形容詞,デス列タ系推量形,ぎみだ,ぎみでしたろう,*
ぎみでしたら,1026,1026,9583,接尾辞,形容詞性名詞接尾辞,ナノ形容詞,デス列タ系条件形,ぎみだ,ぎみでしたら,*
ぎみでして,1029,1029,9583,接尾辞,形容詞性名詞接尾辞,ナノ形容詞,デス列タ系連用テ形,ぎみだ,ぎみでして,*
ぎみでしたり,1028,1028,9583,接尾辞,形容詞性名詞接尾辞,ナノ形容詞,デス列タ系連用タリ形,ぎみだ,ぎみでしたり,*
やす,907,907,8719,接尾辞,形容詞性述語接尾辞,イ形容詞アウオ段,語幹,やすい,やす,*
やすい,903,903,8671,接尾辞,形容詞性述語接尾辞,イ形容詞アウオ段,基本形,やすい,やすい,*
やすかれ,913,913,8868,接尾辞,形容詞性述語接尾辞,イ形容詞アウオ段,命令形,やすい,やすかれ,*
やすかろう,905,905,8868,接尾辞,形容詞性述語接尾辞,イ形容詞アウオ段,基本推量形,やすい,やすかろう,*
やすければ,904,904,8868,接尾辞,形容詞性述語接尾辞,イ形容詞アウオ段,基本条件形,やすい,やすければ,*
やすく,906,906,8718,接尾辞,形容詞性述語接尾辞,イ形容詞アウオ段,基本連用形,やすい,やすく,*
やすかった,894,894,8868,接尾辞,形容詞性述語接尾辞,イ形容詞アウオ段,タ形,やすい,やすかった,*
やすかったろう,896,896,8868,接尾辞,形容詞性述語接尾辞,イ形容詞アウオ段,タ系推量形,やすい,やすかったろう,*
やすかったら,895,895,8868,接尾辞,形容詞性述語接尾辞,イ形容詞アウオ段,タ系条件形,やすい,やすかったら,*
やすくて,900,900,8868,接尾辞,形容詞性述語接尾辞,イ形容詞アウオ段,タ系連用テ形,やすい,やすくて,*
やすかったり,897,897,8868,接尾辞,形容詞性述語接尾辞,イ形容詞アウオ段,タ系連用タリ形,やすい,やすかったり,*
やすくちゃ,898,898,8868,接尾辞,形容詞性述語接尾辞,イ形容詞アウオ段,タ系連用チャ形,やすい,やすくちゃ,*
やすくっちゃ,899,899,8868,接尾辞,形容詞性述語接尾辞,イ形容詞アウオ段,タ系連用チャ形２,やすい,やすくっちゃ,*
やすけりゃ,901,901,8868,接尾辞,形容詞性述語接尾辞,イ形容詞アウオ段,音便条件形,やすい,やすけりゃ,*
やすきゃ,902,902,8868,接尾辞,形容詞性述語接尾辞,イ形容詞アウオ段,音便条件形２,やすい,やすきゃ,*
やすし,908,908,9315,接尾辞,形容詞性述語接尾辞,イ形容詞アウオ段,文語基本形,やすい,やすし,*
やすから,909,909,8869,接尾辞,形容詞性述語接尾辞,イ形容詞アウオ段,文語未然形,やすい,やすから,*
やすう,912,912,8868,接尾辞,形容詞性述語接尾辞,イ形容詞アウオ段,文語連用形,やすい,やすう,*
やすき,911,911,8862,接尾辞,形容詞性述語接尾辞,イ形容詞アウオ段,文語連体形,やすい,やすき,*
やすかれ,910,910,8868,接尾辞,形容詞性述語接尾辞,イ形容詞アウオ段,文語命令形,やすい,やすかれ,*
よ,907,907,11711,接尾辞,形容詞性述語接尾辞,イ形容詞アウオ段,語幹,よい,よ,*
よい,903,903,12886,接尾辞,形容詞性述語接尾辞,イ形容詞アウオ段,基本形,よい,よい,*
よかれ,913,913,11726,接尾辞,形容詞性述語接尾辞,イ形容詞アウオ段,命令形,よい,よかれ,*
よかろう,905,905,11861,接尾辞,形容詞性述語接尾辞,イ形容詞アウオ段,基本推量形,よい,よかろう,*
よければ,904,904,11718,接尾辞,形容詞性述語接尾辞,イ形容詞アウオ段,基本条件形,よい,よければ,*
よく,906,906,11624,接尾辞,形容詞性述語接尾辞,イ形容詞アウオ段,基本連用形,よい,よく,*
よかった,894,894,11959,接尾辞,形容詞性述語接尾辞,イ形容詞アウオ段,タ形,よい,よかった,*
よかったろう,896,896,11726,接尾辞,形容詞性述語接尾辞,イ形容詞アウオ段,タ系推量形,よい,よかったろう,*
よかったら,895,895,11726,接尾辞,形容詞性述語接尾辞,イ形容詞アウオ段,タ系条件形,よい,よかったら,*
よくて,900,900,11726,接尾辞,形容詞性述語接尾辞,イ形容詞アウオ段,タ系連用テ形,よい,よくて,*
よかったり,897,897,11726,接尾辞,形容詞性述語接尾辞,イ形容詞アウオ段,タ系連用タリ形,よい,よかったり,*
よくちゃ,898,898,11726,接尾辞,形容詞性述語接尾辞,イ形容詞アウオ段,タ系連用チャ形,よい,よくちゃ,*
よくっちゃ,899,899,11726,接尾辞,形容詞性述語接尾辞,イ形容詞アウオ段,タ系連用チャ形２,よい,よくっちゃ,*
よけりゃ,901,901,11726,接尾辞,形容詞性述語接尾辞,イ形容詞アウオ段,音便条件形,よい,よけりゃ,*
よきゃ,902,902,11726,接尾辞,形容詞性述語接尾辞,イ形容詞アウオ段,音便条件形２,よい,よきゃ,*
よし,908,908,11988,接尾辞,形容詞性述語接尾辞,イ形容詞アウオ段,文語基本形,よい,よし,*
よから,909,909,11726,接尾辞,形容詞性述語接尾辞,イ形容詞アウオ段,文語未然形,よい,よから,*
よう,912,912,12990,接尾辞,形容詞性述語接尾辞,イ形容詞アウオ段,文語連用形,よい,よう,*
よき,911,911,11703,接尾辞,形容詞性述語接尾辞,イ形容詞アウオ段,文語連体形,よい,よき,*
よかれ,910,910,11726,接尾辞,形容詞性述語接尾辞,イ形容詞アウオ段,文語命令形,よい,よかれ,*
にく,907,907,8970,接尾辞,形容詞性述語接尾辞,イ形容詞アウオ段,語幹,にくい,にく,*
にくい,903,903,9042,接尾辞,形容詞性述語接尾辞,イ形容詞アウオ段,基本形,にくい,にくい,*
にくかれ,913,913,9080,接尾辞,形容詞性述語接尾辞,イ形容詞アウオ段,命令形,にくい,にくかれ,*
にくかろう,905,905,9080,接尾辞,形容詞性述語接尾辞,イ形容詞アウオ段,基本推量形,にくい,にくかろう,*
にくければ,904,904,9080,接尾辞,形容詞性述語接尾辞,イ形容詞アウオ段,基本条件形,にくい,にくければ,*
にくく,906,906,9062,接尾辞,形容詞性述語接尾辞,イ形容詞アウオ段,基本連用形,にくい,にくく,*
にくかった,894,894,9079,接尾辞,形容詞性述語接尾辞,イ形容詞アウオ段,タ形,にくい,にくかった,*
にくかったろう,896,896,9080,接尾辞,形容詞性述語接尾辞,イ形容詞アウオ段,タ系推量形,にくい,にくかったろう,*
にくかったら,895,895,9080,接尾辞,形容詞性述語接尾辞,イ形容詞アウオ段,タ系条件形,にくい,にくかったら,*
にくくて,900,900,9080,接尾辞,形容詞性述語接尾辞,イ形容詞アウオ段,タ系連用テ形,にくい,にくくて,*
にくかったり,897,897,9080,接尾辞,形容詞性述語接尾辞,イ形容詞アウオ段,タ系連用タリ形,にくい,にくかったり,*
にくくちゃ,898,898,9080,接尾辞,形容詞性述語接尾辞,イ形容詞アウオ段,タ系連用チャ形,にくい,にくくちゃ,*
にくくっちゃ,899,899,9080,接尾辞,形容詞性述語接尾辞,イ形容詞アウオ段,タ系連用チャ形２,にくい,にくくっちゃ,*
にくけりゃ,901,901,9080,接尾辞,形容詞性述語接尾辞,イ形容詞アウオ段,音便条件形,にくい,にくけりゃ,*
にくきゃ,902,902,9080,接尾辞,形容詞性述語接尾辞,イ形容詞アウオ段,音便条件形２,にくい,にくきゃ,*
にくし,908,908,9080,接尾辞,形容詞性述語接尾辞,イ形容詞アウオ段,文語基本形,にくい,にくし,*
にくから,909,909,9080,接尾辞,形容詞性述語接尾辞,イ形容詞アウオ段,文語未然形,にくい,にくから,*
にくう,912,912,9080,接尾辞,形容詞性述語接尾辞,イ形容詞アウオ段,文語連用形,にくい,にくう,*
にくき,911,911,9080,接尾辞,形容詞性述語接尾辞,イ形容詞アウオ段,文語連体形,にくい,にくき,*
にくかれ,910,910,9080,接尾辞,形容詞性述語接尾辞,イ形容詞アウオ段,文語命令形,にくい,にくかれ,*
がた,907,907,9559,接尾辞,形容詞性述語接尾辞,イ形容詞アウオ段,語幹,がたい,がた,*
がたい,903,903,9206,接尾辞,形容詞性述語接尾辞,イ形容詞アウオ段,基本形,がたい,がたい,*
がたかれ,913,913,9246,接尾辞,形容詞性述語接尾辞,イ形容詞アウオ段,命令形,がたい,がたかれ,*
がたかろう,905,905,9246,接尾辞,形容詞性述語接尾辞,イ形容詞アウオ段,基本推量形,がたい,がたかろう,*
がたければ,904,904,9246,接尾辞,形容詞性述語接尾辞,イ形容詞アウオ段,基本条件形,がたい,がたければ,*
がたく,906,906,9255,接尾辞,形容詞性述語接尾辞,イ形容詞アウオ段,基本連用形,がたい,がたく,*
がたかった,894,894,9246,接尾辞,形容詞性述語接尾辞,イ形容詞アウオ段,タ形,がたい,がたかった,*
がたかったろう,896,896,9246,接尾辞,形容詞性述語接尾辞,イ形容詞アウオ段,タ系推量形,がたい,がたかったろう,*
がたかったら,895,895,9246,接尾辞,形容詞性述語接尾辞,イ形容詞アウオ段,タ系条件形,がたい,がたかったら,*
がたくて,900,900,9246,接尾辞,形容詞性述語接尾辞,イ形容詞アウオ段,タ系連用テ形,がたい,がたくて,*
がたかったり,897,897,9246,接尾辞,形容詞性述語接尾辞,イ形容詞アウオ段,タ系連用タリ形,がたい,がたかったり,*
がたくちゃ,898,898,9246,接尾辞,形容詞性述語接尾辞,イ形容詞アウオ段,タ系連用チャ形,がたい,がたくちゃ,*
がたくっちゃ,899,899,9246,接尾辞,形容詞性述語接尾辞,イ形容詞アウオ段,タ系連用チャ形２,がたい,がたくっちゃ,*
がたけりゃ,901,901,9246,接尾辞,形容詞性述語接尾辞,イ形容詞アウオ段,音便条件形,がたい,がたけりゃ,*
がたきゃ,902,902,9246,接尾辞,形容詞性述語接尾辞,イ形容詞アウオ段,音便条件形２,がたい,がたきゃ,*
がたし,908,908,9265,接尾辞,形容詞性述語接尾辞,イ形容詞アウオ段,文語基本形,がたい,がたし,*
がたから,909,909,9246,接尾辞,形容詞性述語接尾辞,イ形容詞アウオ段,文語未然形,がたい,がたから,*
がたう,912,912,9246,接尾辞,形容詞性述語接尾辞,イ形容詞アウオ段,文語連用形,がたい,がたう,*
がたき,911,911,9246,接尾辞,形容詞性述語接尾辞,イ形容詞アウオ段,文語連体形,がたい,がたき,*
がたかれ,910,910,9246,接尾辞,形容詞性述語接尾辞,イ形容詞アウオ段,文語命令形,がたい,がたかれ,*
難,907,907,8915,接尾辞,形容詞性述語接尾辞,イ形容詞アウオ段,語幹,難い,がた,*
難い,903,903,8315,接尾辞,形容詞性述語接尾辞,イ形容詞アウオ段,基本形,難い,がたい,*
難かれ,913,913,8523,接尾辞,形容詞性述語接尾辞,イ形容詞アウオ段,命令形,難い,がたかれ,*
難かろう,905,905,8523,接尾辞,形容詞性述語接尾辞,イ形容詞アウオ段,基本推量形,難い,がたかろう,*
難ければ,904,904,8523,接尾辞,形容詞性述語接尾辞,イ形容詞アウオ段,基本条件形,難い,がたければ,*
難く,906,906,8557,接尾辞,形容詞性述語接尾辞,イ形容詞アウオ段,基本連用形,難い,がたく,*
難かった,894,894,8523,接尾辞,形容詞性述語接尾辞,イ形容詞アウオ段,タ形,難い,がたかった,*
難かったろう,896,896,8523,接尾辞,形容詞性述語接尾辞,イ形容詞アウオ段,タ系推量形,難い,がたかったろう,*
難かったら,895,895,8523,接尾辞,形容詞性述語接尾辞,イ形容詞アウオ段,タ系条件形,難い,がたかったら,*
難くて,900,900,8523,接尾辞,形容詞性述語接尾辞,イ形容詞アウオ段,タ系連用テ形,難い,がたくて,*
難かったり,897,897,8523,接尾辞,形容詞性述語接尾辞,イ形容詞アウオ段,タ系連用タリ形,難い,がたかったり,*
難くちゃ,898,898,8523,接尾辞,形容詞性述語接尾辞,イ形容詞アウオ段,タ系連用チャ形,難い,がたくちゃ,*
難くっちゃ,899,899,8523,接尾辞,形容詞性述語接尾辞,イ形容詞アウオ段,タ系連用チャ形２,難い,がたくっちゃ,*
難けりゃ,901,901,8523,接尾辞,形容詞性述語接尾辞,イ形容詞アウオ段,音便条件形,難い,がたけりゃ,*
難きゃ,902,902,8523,接尾辞,形容詞性述語接尾辞,イ形容詞アウオ段,音便条件形２,難い,がたきゃ,*
難し,908,908,8596,接尾辞,形容詞性述語接尾辞,イ形容詞アウオ段,文語基本形,難い,がたし,*
難から,909,909,8523,接尾辞,形容詞性述語接尾辞,イ形容詞アウオ段,文語未然形,難い,がたから,*
難う,912,912,8523,接尾辞,形容詞性述語接尾辞,イ形容詞アウオ段,文語連用形,難い,がたう,*
難き,911,911,8523,接尾辞,形容詞性述語接尾辞,イ形容詞アウオ段,文語連体形,難い,がたき,*
難かれ,910,910,8523,接尾辞,形容詞性述語接尾辞,イ形容詞アウオ段,文語命令形,難い,がたかれ,*
づら,907,907,9235,接尾辞,形容詞性述語接尾辞,イ形容詞アウオ段,語幹,づらい,づら,*
づらい,903,903,9235,接尾辞,形容詞性述語接尾辞,イ形容詞アウオ段,基本形,づらい,づらい,*
づらかれ,913,913,9235,接尾辞,形容詞性述語接尾辞,イ形容詞アウオ段,命令形,づらい,づらかれ,*
づらかろう,905,905,9235,接尾辞,形容詞性述語接尾辞,イ形容詞アウオ段,基本推量形,づらい,づらかろう,*
づらければ,904,904,9235,接尾辞,形容詞性述語接尾辞,イ形容詞アウオ段,基本条件形,づらい,づらければ,*
づらく,906,906,9235,接尾辞,形容詞性述語接尾辞,イ形容詞アウオ段,基本連用形,づらい,づらく,*
づらかった,894,894,9235,接尾辞,形容詞性述語接尾辞,イ形容詞アウオ段,タ形,づらい,づらかった,*
づらかったろう,896,896,9235,接尾辞,形容詞性述語接尾辞,イ形容詞アウオ段,タ系推量形,づらい,づらかったろう,*
づらかったら,895,895,9235,接尾辞,形容詞性述語接尾辞,イ形容詞アウオ段,タ系条件形,づらい,づらかったら,*
づらくて,900,900,9235,接尾辞,形容詞性述語接尾辞,イ形容詞アウオ段,タ系連用テ形,づらい,づらくて,*
づらかったり,897,897,9235,接尾辞,形容詞性述語接尾辞,イ形容詞アウオ段,タ系連用タリ形,づらい,づらかったり,*
づらくちゃ,898,898,9235,接尾辞,形容詞性述語接尾辞,イ形容詞アウオ段,タ系連用チャ形,づらい,づらくちゃ,*
づらくっちゃ,899,899,9235,接尾辞,形容詞性述語接尾辞,イ形容詞アウオ段,タ系連用チャ形２,づらい,づらくっちゃ,*
づらけりゃ,901,901,9235,接尾辞,形容詞性述語接尾辞,イ形容詞アウオ段,音便条件形,づらい,づらけりゃ,*
づらきゃ,902,902,9235,接尾辞,形容詞性述語接尾辞,イ形容詞アウオ段,音便条件形２,づらい,づらきゃ,*
づらし,908,908,9235,接尾辞,形容詞性述語接尾辞,イ形容詞アウオ段,文語基本形,づらい,づらし,*
づらから,909,909,9235,接尾辞,形容詞性述語接尾辞,イ形容詞アウオ段,文語未然形,づらい,づらから,*
づらう,912,912,9235,接尾辞,形容詞性述語接尾辞,イ形容詞アウオ段,文語連用形,づらい,づらう,*
づらき,911,911,9235,接尾辞,形容詞性述語接尾辞,イ形容詞アウオ段,文語連体形,づらい,づらき,*
づらかれ,910,910,9235,接尾辞,形容詞性述語接尾辞,イ形容詞アウオ段,文語命令形,づらい,づらかれ,*
がち,947,947,8279,接尾辞,形容詞性述語接尾辞,ナノ形容詞,語幹,がちだ,がち,*
がちだ,946,946,8161,接尾辞,形容詞性述語接尾辞,ナノ形容詞,基本形,がちだ,がちだ,*
がちなれ,927,927,8325,接尾辞,形容詞性述語接尾辞,ナノ形容詞,ダ列命令形,がちだ,がちなれ,*
がちな,922,922,7860,接尾辞,形容詞性述語接尾辞,ナノ形容詞,ダ列基本連体形,がちだ,がちな,*
がちの,924,924,8307,接尾辞,形容詞性述語接尾辞,ナノ形容詞,ダ列特殊連体形,がちだ,がちの,*
がちだろう,921,921,8325,接尾辞,形容詞性述語接尾辞,ナノ形容詞,ダ列基本推量形,がちだ,がちだろう,*
がちならば,920,920,8325,接尾辞,形容詞性述語接尾辞,ナノ形容詞,ダ列基本条件形,がちだ,がちならば,*
がちに,923,923,8021,接尾辞,形容詞性述語接尾辞,ナノ形容詞,ダ列基本連用形,がちだ,がちに,*
がちだった,914,914,8280,接尾辞,形容詞性述語接尾辞,ナノ形容詞,ダ列タ形,がちだ,がちだった,*
がちだったろう,916,916,8325,接尾辞,形容詞性述語接尾辞,ナノ形容詞,ダ列タ系推量形,がちだ,がちだったろう,*
がちだったら,915,915,8325,接尾辞,形容詞性述語接尾辞,ナノ形容詞,ダ列タ系条件形,がちだ,がちだったら,*
がちで,919,919,8337,接尾辞,形容詞性述語接尾辞,ナノ形容詞,ダ列タ系連用テ形,がちだ,がちで,*
がちだったり,918,918,8325,接尾辞,形容詞性述語接尾辞,ナノ形容詞,ダ列タ系連用タリ形,がちだ,がちだったり,*
がちじゃ,917,917,8325,接尾辞,形容詞性述語接尾辞,ナノ形容詞,ダ列タ系連用ジャ形,がちだ,がちじゃ,*
がちなる,926,926,8325,接尾辞,形容詞性述語接尾辞,ナノ形容詞,ダ列文語連体形,がちだ,がちなる,*
がちなれば,925,925,8325,接尾辞,形容詞性述語接尾辞,ナノ形容詞,ダ列文語条件形,がちだ,がちなれば,*
がちである,933,933,8293,接尾辞,形容詞性述語接尾辞,ナノ形容詞,デアル列基本形,がちだ,がちである,*
がちであれ,937,937,8325,接尾辞,形容詞性述語接尾辞,ナノ形容詞,デアル列命令形,がちだ,がちであれ,*
がちであろう,935,935,8325,接尾辞,形容詞性述語接尾辞,ナノ形容詞,デアル列基本推量形,がちだ,がちであろう,*
がちであれば,934,934,8325,接尾辞,形容詞性述語接尾辞,ナノ形容詞,デアル列基本条件形,がちだ,がちであれば,*
がちであり,936,936,8325,接尾辞,形容詞性述語接尾辞,ナノ形容詞,デアル列基本連用形,がちだ,がちであり,*
がちであった,928,928,8325,接尾辞,形容詞性述語接尾辞,ナノ形容詞,デアル列タ形,がちだ,がちであった,*
がちであったろう,930,930,8325,接尾辞,形容詞性述語接尾辞,ナノ形容詞,デアル列タ系推量形,がちだ,がちであったろう,*
がちであったら,929,929,8325,接尾辞,形容詞性述語接尾辞,ナノ形容詞,デアル列タ系条件形,がちだ,がちであったら,*
がちであって,932,932,8325,接尾辞,形容詞性述語接尾辞,ナノ形容詞,デアル列タ系連用テ形,がちだ,がちであって,*
がちであったり,931,931,8325,接尾辞,形容詞性述語接尾辞,ナノ形容詞,デアル列タ系連用タリ形,がちだ,がちであったり,*
がちです,943,943,8277,接尾辞,形容詞性述語接尾辞,ナノ形容詞,デス列基本形,がちだ,がちです,*
がちでしょう,944,944,8325,接尾辞,形容詞性述語接尾辞,ナノ形容詞,デス列基本推量形,がちだ,がちでしょう,*
がちでしょ,945,945,8325,接尾辞,形容詞性述語接尾辞,ナノ形容詞,デス列省略推量形,がちだ,がちでしょ,*
がちでした,938,938,8307,接尾辞,形容詞性述語接尾辞,ナノ形容詞,デス列タ形,がちだ,がちでした,*
がちでしたろう,940,940,8325,接尾辞,形容詞性述語接尾辞,ナノ形容詞,デス列タ系推量形,がちだ,がちでしたろう,*
がちでしたら,939,939,8325,接尾辞,形容詞性述語接尾辞,ナノ形容詞,デス列タ系条件形,がちだ,がちでしたら,*
がちでして,942,942,8325,接尾辞,形容詞性述語接尾辞,ナノ形容詞,デス列タ系連用テ形,がちだ,がちでして,*
がちでしたり,941,941,8325,接尾辞,形容詞性述語接尾辞,ナノ形容詞,デス列タ系連用タリ形,がちだ,がちでしたり,*
そう,980,980,5977,接尾辞,形容詞性述語接尾辞,ナ形容詞,語幹,そうだ,そう,*
そうだ,979,979,7330,接尾辞,形容詞性述語接尾辞,ナ形容詞,基本形,そうだ,そうだ,*
そうなれ,960,960,7414,接尾辞,形容詞性述語接尾辞,ナ形容詞,ダ列命令形,そうだ,そうなれ,*
そうな,956,956,7325,接尾辞,形容詞性述語接尾辞,ナ形容詞,ダ列基本連体形,そうだ,そうな,*
そうだろう,955,955,7416,接尾辞,形容詞性述語接尾辞,ナ形容詞,ダ列基本推量形,そうだ,そうだろう,*
そうならば,954,954,7414,接尾辞,形容詞性述語接尾辞,ナ形容詞,ダ列基本条件形,そうだ,そうならば,*
そうに,957,957,6769,接尾辞,形容詞性述語接尾辞,ナ形容詞,ダ列基本連用形,そうだ,そうに,*
そうだった,948,948,7415,接尾辞,形容詞性述語接尾辞,ナ形容詞,ダ列タ形,そうだ,そうだった,*
そうだったろう,950,950,7414,接尾辞,形容詞性述語接尾辞,ナ形容詞,ダ列タ系推量形,そうだ,そうだったろう,*
そうだったら,949,949,7414,接尾辞,形容詞性述語接尾辞,ナ形容詞,ダ列タ系条件形,そうだ,そうだったら,*
そうで,953,953,7291,接尾辞,形容詞性述語接尾辞,ナ形容詞,ダ列タ系連用テ形,そうだ,そうで,*
そうだったり,952,952,7414,接尾辞,形容詞性述語接尾辞,ナ形容詞,ダ列タ系連用タリ形,そうだ,そうだったり,*
そうじゃ,951,951,7414,接尾辞,形容詞性述語接尾辞,ナ形容詞,ダ列タ系連用ジャ形,そうだ,そうじゃ,*
そうなる,959,959,7422,接尾辞,形容詞性述語接尾辞,ナ形容詞,ダ列文語連体形,そうだ,そうなる,*
そうなれば,958,958,7418,接尾辞,形容詞性述語接尾辞,ナ形容詞,ダ列文語条件形,そうだ,そうなれば,*
そうである,966,966,7411,接尾辞,形容詞性述語接尾辞,ナ形容詞,デアル列基本形,そうだ,そうである,*
そうであれ,970,970,7414,接尾辞,形容詞性述語接尾辞,ナ形容詞,デアル列命令形,そうだ,そうであれ,*
そうであろう,968,968,7414,接尾辞,形容詞性述語接尾辞,ナ形容詞,デアル列基本推量形,そうだ,そうであろう,*
そうであれば,967,967,7414,接尾辞,形容詞性述語接尾辞,ナ形容詞,デアル列基本条件形,そうだ,そうであれば,*
そうであり,969,969,7415,接尾辞,形容詞性述語接尾辞,ナ形容詞,デアル列基本連用形,そうだ,そうであり,*
そうであった,961,961,7209,接尾辞,形容詞性述語接尾辞,ナ形容詞,デアル列タ形,そうだ,そうであった,*
そうであったろう,963,963,7414,接尾辞,形容詞性述語接尾辞,ナ形容詞,デアル列タ系推量形,そうだ,そうであったろう,*
そうであったら,962,962,7414,接尾辞,形容詞性述語接尾辞,ナ形容詞,デアル列タ系条件形,そうだ,そうであったら,*
そうであって,965,965,7416,接尾辞,形容詞性述語接尾辞,ナ形容詞,デアル列タ系連用テ形,そうだ,そうであって,*
そうであったり,964,964,7414,接尾辞,形容詞性述語接尾辞,ナ形容詞,デアル列タ系連用タリ形,そうだ,そうであったり,*
そうです,976,976,7245,接尾辞,形容詞性述語接尾辞,ナ形容詞,デス列基本形,そうだ,そうです,*
そうでしょう,977,977,7414,接尾辞,形容詞性述語接尾辞,ナ形容詞,デス列基本推量形,そうだ,そうでしょう,*
そうでしょ,978,978,7414,接尾辞,形容詞性述語接尾辞,ナ形容詞,デス列省略推量形,そうだ,そうでしょ,*
そうでした,971,971,7414,接尾辞,形容詞性述語接尾辞,ナ形容詞,デス列タ形,そうだ,そうでした,*
そうでしたろう,973,973,7414,接尾辞,形容詞性述語接尾辞,ナ形容詞,デス列タ系推量形,そうだ,そうでしたろう,*
そうでしたら,972,972,7414,接尾辞,形容詞性述語接尾辞,ナ形容詞,デス列タ系条件形,そうだ,そうでしたら,*
そうでして,975,975,7414,接尾辞,形容詞性述語接尾辞,ナ形容詞,デス列タ系連用テ形,そうだ,そうでして,*
そうでしたり,974,974,7414,接尾辞,形容詞性述語接尾辞,ナ形容詞,デス列タ系連用タリ形,そうだ,そうでしたり,*
め,947,947,9814,接尾辞,形容詞性述語接尾辞,ナノ形容詞,語幹,めだ,め,*
めだ,946,946,9902,接尾辞,形容詞性述語接尾辞,ナノ形容詞,基本形,めだ,めだ,*
めなれ,927,927,9756,接尾辞,形容詞性述語接尾辞,ナノ形容詞,ダ列命令形,めだ,めなれ,*
めな,922,922,9756,接尾辞,形容詞性述語接尾辞,ナノ形容詞,ダ列基本連体形,めだ,めな,*
めの,924,924,9797,接尾辞,形容詞性述語接尾辞,ナノ形容詞,ダ列特殊連体形,めだ,めの,*
めだろう,921,921,9757,接尾辞,形容詞性述語接尾辞,ナノ形容詞,ダ列基本推量形,めだ,めだろう,*
めならば,920,920,9756,接尾辞,形容詞性述語接尾辞,ナノ形容詞,ダ列基本条件形,めだ,めならば,*
めに,923,923,9790,接尾辞,形容詞性述語接尾辞,ナノ形容詞,ダ列基本連用形,めだ,めに,*
めだった,914,914,9744,接尾辞,形容詞性述語接尾辞,ナノ形容詞,ダ列タ形,めだ,めだった,*
めだったろう,916,916,9756,接尾辞,形容詞性述語接尾辞,ナノ形容詞,ダ列タ系推量形,めだ,めだったろう,*
めだったら,915,915,9756,接尾辞,形容詞性述語接尾辞,ナノ形容詞,ダ列タ系条件形,めだ,めだったら,*
めで,919,919,9797,接尾辞,形容詞性述語接尾辞,ナノ形容詞,ダ列タ系連用テ形,めだ,めで,*
めだったり,918,918,9756,接尾辞,形容詞性述語接尾辞,ナノ形容詞,ダ列タ系連用タリ形,めだ,めだったり,*
めじゃ,917,917,9756,接尾辞,形容詞性述語接尾辞,ナノ形容詞,ダ列タ系連用ジャ形,めだ,めじゃ,*
めなる,926,926,9756,接尾辞,形容詞性述語接尾辞,ナノ形容詞,ダ列文語連体形,めだ,めなる,*
めなれば,925,925,9756,接尾辞,形容詞性述語接尾辞,ナノ形容詞,ダ列文語条件形,めだ,めなれば,*
めである,933,933,9759,接尾辞,形容詞性述語接尾辞,ナノ形容詞,デアル列基本形,めだ,めである,*
めであれ,937,937,9756,接尾辞,形容詞性述語接尾辞,ナノ形容詞,デアル列命令形,めだ,めであれ,*
めであろう,935,935,9756,接尾辞,形容詞性述語接尾辞,ナノ形容詞,デアル列基本推量形,めだ,めであろう,*
めであれば,934,934,9756,接尾辞,形容詞性述語接尾辞,ナノ形容詞,デアル列基本条件形,めだ,めであれば,*
めであり,936,936,10103,接尾辞,形容詞性述語接尾辞,ナノ形容詞,デアル列基本連用形,めだ,めであり,*
めであった,928,928,9756,接尾辞,形容詞性述語接尾辞,ナノ形容詞,デアル列タ形,めだ,めであった,*
めであったろう,930,930,9756,接尾辞,形容詞性述語接尾辞,ナノ形容詞,デアル列タ系推量形,めだ,めであったろう,*
めであったら,929,929,9756,接尾辞,形容詞性述語接尾辞,ナノ形容詞,デアル列タ系条件形,めだ,めであったら,*
めであって,932,932,9756,接尾辞,形容詞性述語接尾辞,ナノ形容詞,デアル列タ系連用テ形,めだ,めであって,*
めであったり,931,931,9756,接尾辞,形容詞性述語接尾辞,ナノ形容詞,デアル列タ系連用タリ形,めだ,めであったり,*
めです,943,943,9756,接尾辞,形容詞性述語接尾辞,ナノ形容詞,デス列基本形,めだ,めです,*
めでしょう,944,944,9756,接尾辞,形容詞性述語接尾辞,ナノ形容詞,デス列基本推量形,めだ,めでしょう,*
めでしょ,945,945,9756,接尾辞,形容詞性述語接尾辞,ナノ形容詞,デス列省略推量形,めだ,めでしょ,*
めでした,938,938,9756,接尾辞,形容詞性述語接尾辞,ナノ形容詞,デス列タ形,めだ,めでした,*
めでしたろう,940,940,9756,接尾辞,形容詞性述語接尾辞,ナノ形容詞,デス列タ系推量形,めだ,めでしたろう,*
めでしたら,939,939,9756,接尾辞,形容詞性述語接尾辞,ナノ形容詞,デス列タ系条件形,めだ,めでしたら,*
めでして,942,942,9756,接尾辞,形容詞性述語接尾辞,ナノ形容詞,デス列タ系連用テ形,めだ,めでして,*
めでしたり,941,941,9756,接尾辞,形容詞性述語接尾辞,ナノ形容詞,デス列タ系連用タリ形,めだ,めでしたり,*
しめ,1243,1243,11516,接尾辞,動詞性接尾辞,母音動詞,語幹,しめる,しめ,*
しめる,1240,1240,11497,接尾辞,動詞性接尾辞,母音動詞,基本形,しめる,しめる,*
しめ,1245,1245,11516,接尾辞,動詞性接尾辞,母音動詞,未然形,しめる,しめ,*
しめよう,1238,1238,11497,接尾辞,動詞性接尾辞,母音動詞,意志形,しめる,しめよう,*
しめろ,1246,1246,11497,接尾辞,動詞性接尾辞,母音動詞,命令形,しめる,しめろ,*
しめれば,1241,1241,11497,接尾辞,動詞性接尾辞,母音動詞,基本条件形,しめる,しめれば,*
しめ,1242,1242,11516,接尾辞,動詞性接尾辞,母音動詞,基本連用形,しめる,しめ,*
しめた,1232,1232,11501,接尾辞,動詞性接尾辞,母音動詞,タ形,しめる,しめた,*
しめたろう,1234,1234,11497,接尾辞,動詞性接尾辞,母音動詞,タ系推量形,しめる,しめたろう,*
しめたら,1233,1233,11497,接尾辞,動詞性接尾辞,母音動詞,タ系条件形,しめる,しめたら,*
しめて,1237,1237,11499,接尾辞,動詞性接尾辞,母音動詞,タ系連用テ形,しめる,しめて,*
しめたり,1235,1235,11497,接尾辞,動詞性接尾辞,母音動詞,タ系連用タリ形,しめる,しめたり,*
しめちゃ,1236,1236,11497,接尾辞,動詞性接尾辞,母音動詞,タ系連用チャ形,しめる,しめちゃ,*
しめりゃ,1239,1239,11497,接尾辞,動詞性接尾辞,母音動詞,音便条件形,しめる,しめりゃ,*
しめよ,1244,1244,11497,接尾辞,動詞性接尾辞,母音動詞,文語命令形,しめる,しめよ,*
せ,1243,1243,9934,接尾辞,動詞性接尾辞,母音動詞,語幹,せる,せ,*
せる,1240,1240,10566,接尾辞,動詞性接尾辞,母音動詞,基本形,せる,せる,*
せ,1245,1245,9934,接尾辞,動詞性接尾辞,母音動詞,未然形,せる,せ,*
せよう,1238,1238,10272,接尾辞,動詞性接尾辞,母音動詞,意志形,せる,せよう,*
せろ,1246,1246,10663,接尾辞,動詞性接尾辞,母音動詞,命令形,せる,せろ,*
せれば,1241,1241,10655,接尾辞,動詞性接尾辞,母音動詞,基本条件形,せる,せれば,*
せ,1242,1242,9934,接尾辞,動詞性接尾辞,母音動詞,基本連用形,せる,せ,*
せた,1232,1232,11039,接尾辞,動詞性接尾辞,母音動詞,タ形,せる,せた,*
せたろう,1234,1234,10663,接尾辞,動詞性接尾辞,母音動詞,タ系推量形,せる,せたろう,*
せたら,1233,1233,10663,接尾辞,動詞性接尾辞,母音動詞,タ系条件形,せる,せたら,*
せて,1237,1237,10218,接尾辞,動詞性接尾辞,母音動詞,タ系連用テ形,せる,せて,*
せたり,1235,1235,10641,接尾辞,動詞性接尾辞,母音動詞,タ系連用タリ形,せる,せたり,*
せちゃ,1236,1236,10663,接尾辞,動詞性接尾辞,母音動詞,タ系連用チャ形,せる,せちゃ,*
せりゃ,1239,1239,10663,接尾辞,動詞性接尾辞,母音動詞,音便条件形,せる,せりゃ,*
せよ,1244,1244,10421,接尾辞,動詞性接尾辞,母音動詞,文語命令形,せる,せよ,*
させ,1243,1243,10863,接尾辞,動詞性接尾辞,母音動詞,語幹,させる,させ,*
させる,1240,1240,11254,接尾辞,動詞性接尾辞,母音動詞,基本形,させる,させる,*
させ,1245,1245,10863,接尾辞,動詞性接尾辞,母音動詞,未然形,させる,させ,*
させよう,1238,1238,11081,接尾辞,動詞性接尾辞,母音動詞,意志形,させる,させよう,*
させろ,1246,1246,11154,接尾辞,動詞性接尾辞,母音動詞,命令形,させる,させろ,*
させれば,1241,1241,11159,接尾辞,動詞性接尾辞,母音動詞,基本条件形,させる,させれば,*
させ,1242,1242,10863,接尾辞,動詞性接尾辞,母音動詞,基本連用形,させる,させ,*
させた,1232,1232,11231,接尾辞,動詞性接尾辞,母音動詞,タ形,させる,させた,*
させたろう,1234,1234,11154,接尾辞,動詞性接尾辞,母音動詞,タ系推量形,させる,させたろう,*
させたら,1233,1233,11154,接尾辞,動詞性接尾辞,母音動詞,タ系条件形,させる,させたら,*
させて,1237,1237,11581,接尾辞,動詞性接尾辞,母音動詞,タ系連用テ形,させる,させて,*
させたり,1235,1235,11163,接尾辞,動詞性接尾辞,母音動詞,タ系連用タリ形,させる,させたり,*
させちゃ,1236,1236,11154,接尾辞,動詞性接尾辞,母音動詞,タ系連用チャ形,させる,させちゃ,*
させりゃ,1239,1239,11154,接尾辞,動詞性接尾辞,母音動詞,音便条件形,させる,させりゃ,*
させよ,1244,1244,11154,接尾辞,動詞性接尾辞,母音動詞,文語命令形,させる,させよ,*
す,1146,1146,12977,接尾辞,動詞性接尾辞,子音動詞サ行,基本形,す,す,*
さ,1150,1150,12039,接尾辞,動詞性接尾辞,子音動詞サ行,未然形,す,さ,*
そう,1144,1144,12026,接尾辞,動詞性接尾辞,子音動詞サ行,意志形,す,そう,*
せ,1151,1151,12216,接尾辞,動詞性接尾辞,子音動詞サ行,命令形,す,せ,*
せば,1147,1147,12468,接尾辞,動詞性接尾辞,子音動詞サ行,基本条件形,す,せば,*
し,1148,1148,13552,接尾辞,動詞性接尾辞,子音動詞サ行,基本連用形,す,し,*
した,1138,1138,12188,接尾辞,動詞性接尾辞,子音動詞サ行,タ形,す,した,*
したろう,1140,1140,12467,接尾辞,動詞性接尾辞,子音動詞サ行,タ系推量形,す,したろう,*
したら,1139,1139,12468,接尾辞,動詞性接尾辞,子音動詞サ行,タ系条件形,す,したら,*
して,1143,1143,12543,接尾辞,動詞性接尾辞,子音動詞サ行,タ系連用テ形,す,して,*
したり,1141,1141,12440,接尾辞,動詞性接尾辞,子音動詞サ行,タ系連用タリ形,す,したり,*
しちゃ,1142,1142,12467,接尾辞,動詞性接尾辞,子音動詞サ行,タ系連用チャ形,す,しちゃ,*
しゃ,1145,1145,13212,接尾辞,動詞性接尾辞,子音動詞サ行,音便条件形,す,しゃ,*
さ,1149,1149,11359,接尾辞,動詞性接尾辞,子音動詞サ行,語幹,さす,さ,*
さす,1146,1146,11770,接尾辞,動詞性接尾辞,子音動詞サ行,基本形,さす,さす,*
ささ,1150,1150,11574,接尾辞,動詞性接尾辞,子音動詞サ行,未然形,さす,ささ,*
さそう,1144,1144,11868,接尾辞,動詞性接尾辞,子音動詞サ行,意志形,さす,さそう,*
させ,1151,1151,11993,接尾辞,動詞性接尾辞,子音動詞サ行,命令形,さす,させ,*
させば,1147,1147,11760,接尾辞,動詞性接尾辞,子音動詞サ行,基本条件形,さす,させば,*
さし,1148,1148,11715,接尾辞,動詞性接尾辞,子音動詞サ行,基本連用形,さす,さし,*
さした,1138,1138,11754,接尾辞,動詞性接尾辞,子音動詞サ行,タ形,さす,さした,*
さしたろう,1140,1140,11760,接尾辞,動詞性接尾辞,子音動詞サ行,タ系推量形,さす,さしたろう,*
さしたら,1139,1139,11760,接尾辞,動詞性接尾辞,子音動詞サ行,タ系条件形,さす,さしたら,*
さして,1143,1143,11812,接尾辞,動詞性接尾辞,子音動詞サ行,タ系連用テ形,さす,さして,*
さしたり,1141,1141,11760,接尾辞,動詞性接尾辞,子音動詞サ行,タ系連用タリ形,さす,さしたり,*
さしちゃ,1142,1142,11760,接尾辞,動詞性接尾辞,子音動詞サ行,タ系連用チャ形,さす,さしちゃ,*
さしゃ,1145,1145,11760,接尾辞,動詞性接尾辞,子音動詞サ行,音便条件形,さす,さしゃ,*
いけ,1243,1243,12984,接尾辞,動詞性接尾辞,母音動詞,語幹,いける,いけ,*
いける,1240,1240,12101,接尾辞,動詞性接尾辞,母音動詞,基本形,いける,いける,*
いけ,1245,1245,12984,接尾辞,動詞性接尾辞,母音動詞,未然形,いける,いけ,*
いけよう,1238,1238,12112,接尾辞,動詞性接尾辞,母音動詞,意志形,いける,いけよう,*
いけろ,1246,1246,12112,接尾辞,動詞性接尾辞,母音動詞,命令形,いける,いけろ,*
いければ,1241,1241,12047,接尾辞,動詞性接尾辞,母音動詞,基本条件形,いける,いければ,*
いけ,1242,1242,12984,接尾辞,動詞性接尾辞,母音動詞,基本連用形,いける,いけ,*
いけた,1232,1232,12112,接尾辞,動詞性接尾辞,母音動詞,タ形,いける,いけた,*
いけたろう,1234,1234,12112,接尾辞,動詞性接尾辞,母音動詞,タ系推量形,いける,いけたろう,*
いけたら,1233,1233,12112,接尾辞,動詞性接尾辞,母音動詞,タ系条件形,いける,いけたら,*
いけて,1237,1237,12112,接尾辞,動詞性接尾辞,母音動詞,タ系連用テ形,いける,いけて,*
いけたり,1235,1235,12112,接尾辞,動詞性接尾辞,母音動詞,タ系連用タリ形,いける,いけたり,*
いけちゃ,1236,1236,12112,接尾辞,動詞性接尾辞,母音動詞,タ系連用チャ形,いける,いけちゃ,*
いけりゃ,1239,1239,12112,接尾辞,動詞性接尾辞,母音動詞,音便条件形,いける,いけりゃ,*
いけよ,1244,1244,12112,接尾辞,動詞性接尾辞,母音動詞,文語命令形,いける,いけよ,*
居,1177,1177,10335,接尾辞,動詞性接尾辞,子音動詞ラ行,語幹,居る,お,*
居る,1174,1174,9974,接尾辞,動詞性接尾辞,子音動詞ラ行,基本形,居る,おる,*
居ら,1178,1178,9894,接尾辞,動詞性接尾辞,子音動詞ラ行,未然形,居る,おら,*
居ろう,1172,1172,9912,接尾辞,動詞性接尾辞,子音動詞ラ行,意志形,居る,おろう,*
居れ,1179,1179,9839,接尾辞,動詞性接尾辞,子音動詞ラ行,命令形,居る,おれ,*
居れば,1175,1175,9912,接尾辞,動詞性接尾辞,子音動詞ラ行,基本条件形,居る,おれば,*
居り,1176,1176,10115,接尾辞,動詞性接尾辞,子音動詞ラ行,基本連用形,居る,おり,*
居った,1166,1166,9912,接尾辞,動詞性接尾辞,子音動詞ラ行,タ形,居る,おった,*
居ったろう,1168,1168,9912,接尾辞,動詞性接尾辞,子音動詞ラ行,タ系推量形,居る,おったろう,*
居ったら,1167,1167,9912,接尾辞,動詞性接尾辞,子音動詞ラ行,タ系条件形,居る,おったら,*
居って,1171,1171,9912,接尾辞,動詞性接尾辞,子音動詞ラ行,タ系連用テ形,居る,おって,*
居ったり,1169,1169,9912,接尾辞,動詞性接尾辞,子音動詞ラ行,タ系連用タリ形,居る,おったり,*
居っちゃ,1170,1170,9930,接尾辞,動詞性接尾辞,子音動詞ラ行,タ系連用チャ形,居る,おっちゃ,*
居りゃ,1173,1173,9912,接尾辞,動詞性接尾辞,子音動詞ラ行,音便条件形,居る,おりゃ,*
来る,1089,1089,10656,接尾辞,動詞性接尾辞,カ変動詞来,基本形,来る,くる,*
来,1092,1092,10522,接尾辞,動詞性接尾辞,カ変動詞来,未然形,来る,こ,*
来よう,1087,1087,10196,接尾辞,動詞性接尾辞,カ変動詞来,意志形,来る,こよう,*
来い,1093,1093,10047,接尾辞,動詞性接尾辞,カ変動詞来,命令形,来る,こい,*
来れば,1090,1090,10200,接尾辞,動詞性接尾辞,カ変動詞来,基本条件形,来る,くれば,*
来,1091,1091,11095,接尾辞,動詞性接尾辞,カ変動詞来,基本連用形,来る,き,*
来た,1081,1081,9950,接尾辞,動詞性接尾辞,カ変動詞来,タ形,来る,きた,*
来たろう,1083,1083,10231,接尾辞,動詞性接尾辞,カ変動詞来,タ系推量形,来る,きたろう,*
来たら,1082,1082,10193,接尾辞,動詞性接尾辞,カ変動詞来,タ系条件形,来る,きたら,*
来て,1086,1086,10476,接尾辞,動詞性接尾辞,カ変動詞来,タ系連用テ形,来る,きて,*
来たり,1084,1084,10229,接尾辞,動詞性接尾辞,カ変動詞来,タ系連用タリ形,来る,きたり,*
来ちゃ,1085,1085,10230,接尾辞,動詞性接尾辞,カ変動詞来,タ系連用チャ形,来る,きちゃ,*
来りゃ,1088,1088,10231,接尾辞,動詞性接尾辞,カ変動詞来,音便条件形,来る,くりゃ,*
しまえ,1243,1243,12271,接尾辞,動詞性接尾辞,母音動詞,語幹,しまえる,しまえ,*
しまえる,1240,1240,11795,接尾辞,動詞性接尾辞,母音動詞,基本形,しまえる,しまえる,*
しまえ,1245,1245,12271,接尾辞,動詞性接尾辞,母音動詞,未然形,しまえる,しまえ,*
しまえよう,1238,1238,11704,接尾辞,動詞性接尾辞,母音動詞,意志形,しまえる,しまえよう,*
しまえろ,1246,1246,11704,接尾辞,動詞性接尾辞,母音動詞,命令形,しまえる,しまえろ,*
しまえれば,1241,1241,11704,接尾辞,動詞性接尾辞,母音動詞,基本条件形,しまえる,しまえれば,*
しまえ,1242,1242,12271,接尾辞,動詞性接尾辞,母音動詞,基本連用形,しまえる,しまえ,*
しまえた,1232,1232,12196,接尾辞,動詞性接尾辞,母音動詞,タ形,しまえる,しまえた,*
しまえたろう,1234,1234,11704,接尾辞,動詞性接尾辞,母音動詞,タ系推量形,しまえる,しまえたろう,*
しまえたら,1233,1233,11752,接尾辞,動詞性接尾辞,母音動詞,タ系条件形,しまえる,しまえたら,*
しまえて,1237,1237,12065,接尾辞,動詞性接尾辞,母音動詞,タ系連用テ形,しまえる,しまえて,*
しまえたり,1235,1235,11704,接尾辞,動詞性接尾辞,母音動詞,タ系連用タリ形,しまえる,しまえたり,*
しまえちゃ,1236,1236,11704,接尾辞,動詞性接尾辞,母音動詞,タ系連用チャ形,しまえる,しまえちゃ,*
しまえりゃ,1239,1239,11704,接尾辞,動詞性接尾辞,母音動詞,音便条件形,しまえる,しまえりゃ,*
しまえよ,1244,1244,11704,接尾辞,動詞性接尾辞,母音動詞,文語命令形,しまえる,しまえよ,*
もらえ,1243,1243,16506,接尾辞,動詞性接尾辞,母音動詞,語幹,もらえる,もらえ,*
もらえる,1240,1240,16373,接尾辞,動詞性接尾辞,母音動詞,基本形,もらえる,もらえる,*
もらえ,1245,1245,16506,接尾辞,動詞性接尾辞,母音動詞,未然形,もらえる,もらえ,*
もらえよう,1238,1238,15026,接尾辞,動詞性接尾辞,母音動詞,意志形,もらえる,もらえよう,*
もらえろ,1246,1246,15026,接尾辞,動詞性接尾辞,母音動詞,命令形,もらえる,もらえろ,*
もらえれば,1241,1241,15183,接尾辞,動詞性接尾辞,母音動詞,基本条件形,もらえる,もらえれば,*
もらえ,1242,1242,16506,接尾辞,動詞性接尾辞,母音動詞,基本連用形,もらえる,もらえ,*
もらえた,1232,1232,15199,接尾辞,動詞性接尾辞,母音動詞,タ形,もらえる,もらえた,*
もらえたろう,1234,1234,15026,接尾辞,動詞性接尾辞,母音動詞,タ系推量形,もらえる,もらえたろう,*
もらえたら,1233,1233,15273,接尾辞,動詞性接尾辞,母音動詞,タ系条件形,もらえる,もらえたら,*
もらえて,1237,1237,15160,接尾辞,動詞性接尾辞,母音動詞,タ系連用テ形,もらえる,もらえて,*
もらえたり,1235,1235,15026,接尾辞,動詞性接尾辞,母音動詞,タ系連用タリ形,もらえる,もらえたり,*
もらえちゃ,1236,1236,15026,接尾辞,動詞性接尾辞,母音動詞,タ系連用チャ形,もらえる,もらえちゃ,*
もらえりゃ,1239,1239,15026,接尾辞,動詞性接尾辞,母音動詞,音便条件形,もらえる,もらえりゃ,*
もらえよ,1244,1244,15026,接尾辞,動詞性接尾辞,母音動詞,文語命令形,もらえる,もらえよ,*
下さ,1191,1191,10504,接尾辞,動詞性接尾辞,子音動詞ラ行イ形,語幹,下さる,くださ,*
下さる,1188,1188,10474,接尾辞,動詞性接尾辞,子音動詞ラ行イ形,基本形,下さる,くださる,*
下さら,1192,1192,10474,接尾辞,動詞性接尾辞,子音動詞ラ行イ形,未然形,下さる,くださら,*
下さろう,1186,1186,10474,接尾辞,動詞性接尾辞,子音動詞ラ行イ形,意志形,下さる,くださろう,*
下さい,1193,1193,11029,接尾辞,動詞性接尾辞,子音動詞ラ行イ形,命令形,下さる,ください,*
下されば,1189,1189,10474,接尾辞,動詞性接尾辞,子音動詞ラ行イ形,基本条件形,下さる,くだされば,*
下さり,1190,1190,10474,接尾辞,動詞性接尾辞,子音動詞ラ行イ形,基本連用形,下さる,くださり,*
下さった,1180,1180,10474,接尾辞,動詞性接尾辞,子音動詞ラ行イ形,タ形,下さる,くださった,*
下さったろう,1182,1182,10474,接尾辞,動詞性接尾辞,子音動詞ラ行イ形,タ系推量形,下さる,くださったろう,*
下さったら,1181,1181,10474,接尾辞,動詞性接尾辞,子音動詞ラ行イ形,タ系条件形,下さる,くださったら,*
下さって,1185,1185,10474,接尾辞,動詞性接尾辞,子音動詞ラ行イ形,タ系連用テ形,下さる,くださって,*
下さったり,1183,1183,10474,接尾辞,動詞性接尾辞,子音動詞ラ行イ形,タ系連用タリ形,下さる,くださったり,*
下さっちゃ,1184,1184,10474,接尾辞,動詞性接尾辞,子音動詞ラ行イ形,タ系連用チャ形,下さる,くださっちゃ,*
下さりゃ,1187,1187,10474,接尾辞,動詞性接尾辞,子音動詞ラ行イ形,音便条件形,下さる,くださりゃ,*
くださ,1191,1191,12117,接尾辞,動詞性接尾辞,子音動詞ラ行イ形,語幹,くださる,くださ,*
くださる,1188,1188,12294,接尾辞,動詞性接尾辞,子音動詞ラ行イ形,基本形,くださる,くださる,*
くださら,1192,1192,12088,接尾辞,動詞性接尾辞,子音動詞ラ行イ形,未然形,くださる,くださら,*
くださろう,1186,1186,12088,接尾辞,動詞性接尾辞,子音動詞ラ行イ形,意志形,くださる,くださろう,*
ください,1193,1193,12354,接尾辞,動詞性接尾辞,子音動詞ラ行イ形,命令形,くださる,ください,*
くだされば,1189,1189,12088,接尾辞,動詞性接尾辞,子音動詞ラ行イ形,基本条件形,くださる,くだされば,*
くださり,1190,1190,12088,接尾辞,動詞性接尾辞,子音動詞ラ行イ形,基本連用形,くださる,くださり,*
くださった,1180,1180,12197,接尾辞,動詞性接尾辞,子音動詞ラ行イ形,タ形,くださる,くださった,*
くださったろう,1182,1182,12088,接尾辞,動詞性接尾辞,子音動詞ラ行イ形,タ系推量形,くださる,くださったろう,*
くださったら,1181,1181,12088,接尾辞,動詞性接尾辞,子音動詞ラ行イ形,タ系条件形,くださる,くださったら,*
くださって,1185,1185,12088,接尾辞,動詞性接尾辞,子音動詞ラ行イ形,タ系連用テ形,くださる,くださって,*
くださったり,1183,1183,12088,接尾辞,動詞性接尾辞,子音動詞ラ行イ形,タ系連用タリ形,くださる,くださったり,*
くださっちゃ,1184,1184,12088,接尾辞,動詞性接尾辞,子音動詞ラ行イ形,タ系連用チャ形,くださる,くださっちゃ,*
くださりゃ,1187,1187,12088,接尾辞,動詞性接尾辞,子音動詞ラ行イ形,音便条件形,くださる,くださりゃ,*
なさ,1191,1191,11267,接尾辞,動詞性接尾辞,子音動詞ラ行イ形,語幹,なさる,なさ,*
なさる,1188,1188,10885,接尾辞,動詞性接尾辞,子音動詞ラ行イ形,基本形,なさる,なさる,*
なさら,1192,1192,10885,接尾辞,動詞性接尾辞,子音動詞ラ行イ形,未然形,なさる,なさら,*
なさろう,1186,1186,10885,接尾辞,動詞性接尾辞,子音動詞ラ行イ形,意志形,なさる,なさろう,*
なさい,1193,1193,9897,接尾辞,動詞性接尾辞,子音動詞ラ行イ形,命令形,なさる,なさい,*
なされば,1189,1189,10885,接尾辞,動詞性接尾辞,子音動詞ラ行イ形,基本条件形,なさる,なされば,*
なさり,1190,1190,10885,接尾辞,動詞性接尾辞,子音動詞ラ行イ形,基本連用形,なさる,なさり,*
なさった,1180,1180,10885,接尾辞,動詞性接尾辞,子音動詞ラ行イ形,タ形,なさる,なさった,*
なさったろう,1182,1182,10885,接尾辞,動詞性接尾辞,子音動詞ラ行イ形,タ系推量形,なさる,なさったろう,*
なさったら,1181,1181,10885,接尾辞,動詞性接尾辞,子音動詞ラ行イ形,タ系条件形,なさる,なさったら,*
なさって,1185,1185,10885,接尾辞,動詞性接尾辞,子音動詞ラ行イ形,タ系連用テ形,なさる,なさって,*
なさったり,1183,1183,10885,接尾辞,動詞性接尾辞,子音動詞ラ行イ形,タ系連用タリ形,なさる,なさったり,*
なさっちゃ,1184,1184,10885,接尾辞,動詞性接尾辞,子音動詞ラ行イ形,タ系連用チャ形,なさる,なさっちゃ,*
なさりゃ,1187,1187,10885,接尾辞,動詞性接尾辞,子音動詞ラ行イ形,音便条件形,なさる,なさりゃ,*
る,1240,1240,15165,接尾辞,動詞性接尾辞,母音動詞,基本形,る,る,*
よう,1238,1238,14499,接尾辞,動詞性接尾辞,母音動詞,意志形,る,よう,*
ろ,1246,1246,13776,接尾辞,動詞性接尾辞,母音動詞,命令形,る,ろ,*
れば,1241,1241,13878,接尾辞,動詞性接尾辞,母音動詞,基本条件形,る,れば,*
た,1232,1232,14569,接尾辞,動詞性接尾辞,母音動詞,タ形,る,た,*
たろう,1234,1234,13815,接尾辞,動詞性接尾辞,母音動詞,タ系推量形,る,たろう,*
たら,1233,1233,13750,接尾辞,動詞性接尾辞,母音動詞,タ系条件形,る,たら,*
て,1237,1237,14876,接尾辞,動詞性接尾辞,母音動詞,タ系連用テ形,る,て,*
たり,1235,1235,13915,接尾辞,動詞性接尾辞,母音動詞,タ系連用タリ形,る,たり,*
ちゃ,1236,1236,13445,接尾辞,動詞性接尾辞,母音動詞,タ系連用チャ形,る,ちゃ,*
りゃ,1239,1239,13815,接尾辞,動詞性接尾辞,母音動詞,音便条件形,る,りゃ,*
よ,1244,1244,13623,接尾辞,動詞性接尾辞,母音動詞,文語命令形,る,よ,*
う,1202,1202,11999,接尾辞,動詞性接尾辞,子音動詞ワ行,基本形,う,う,*
わ,1206,1206,12439,接尾辞,動詞性接尾辞,子音動詞ワ行,未然形,う,わ,*
おう,1200,1200,11880,接尾辞,動詞性接尾辞,子音動詞ワ行,意志形,う,おう,*
え,1207,1207,11625,接尾辞,動詞性接尾辞,子音動詞ワ行,命令形,う,え,*
えば,1203,1203,11797,接尾辞,動詞性接尾辞,子音動詞ワ行,基本条件形,う,えば,*
い,1204,1204,11831,接尾辞,動詞性接尾辞,子音動詞ワ行,基本連用形,う,い,*
った,1194,1194,11988,接尾辞,動詞性接尾辞,子音動詞ワ行,タ形,う,った,*
ったろう,1196,1196,11795,接尾辞,動詞性接尾辞,子音動詞ワ行,タ系推量形,う,ったろう,*
ったら,1195,1195,11959,接尾辞,動詞性接尾辞,子音動詞ワ行,タ系条件形,う,ったら,*
って,1199,1199,12147,接尾辞,動詞性接尾辞,子音動詞ワ行,タ系連用テ形,う,って,*
ったり,1197,1197,11797,接尾辞,動詞性接尾辞,子音動詞ワ行,タ系連用タリ形,う,ったり,*
っちゃ,1198,1198,11795,接尾辞,動詞性接尾辞,子音動詞ワ行,タ系連用チャ形,う,っちゃ,*
ちゃ,1201,1201,11426,接尾辞,動詞性接尾辞,子音動詞ワ行,音便条件形,う,ちゃ,*
ます,1221,1221,9733,接尾辞,動詞性接尾辞,動詞性接尾辞ます型,基本形,ます,ます,*
ませ,1223,1223,10188,接尾辞,動詞性接尾辞,動詞性接尾辞ます型,未然形,ます,ませ,*
ましょう,1220,1220,10158,接尾辞,動詞性接尾辞,動詞性接尾辞ます型,意志形,ます,ましょう,*
ました,1216,1216,9536,接尾辞,動詞性接尾辞,動詞性接尾辞ます型,タ形,ます,ました,*
ましたら,1217,1217,10163,接尾辞,動詞性接尾辞,動詞性接尾辞ます型,タ系条件形,ます,ましたら,*
まして,1219,1219,9826,接尾辞,動詞性接尾辞,動詞性接尾辞ます型,タ系連用テ形,ます,まして,*
ましたり,1218,1218,10165,接尾辞,動詞性接尾辞,動詞性接尾辞ます型,タ系連用タリ形,ます,ましたり,*
うる,1213,1213,11341,接尾辞,動詞性接尾辞,動詞性接尾辞うる型,基本形,うる,うる,*
え,1215,1215,11119,接尾辞,動詞性接尾辞,動詞性接尾辞うる型,未然形,うる,え,*
うれば,1214,1214,11414,接尾辞,動詞性接尾辞,動詞性接尾辞うる型,基本条件形,うる,うれば,*
えた,1208,1208,11428,接尾辞,動詞性接尾辞,動詞性接尾辞うる型,タ形,うる,えた,*
えたろう,1210,1210,11414,接尾辞,動詞性接尾辞,動詞性接尾辞うる型,タ系推量形,うる,えたろう,*
えたら,1209,1209,11414,接尾辞,動詞性接尾辞,動詞性接尾辞うる型,タ系条件形,うる,えたら,*
えて,1212,1212,11437,接尾辞,動詞性接尾辞,動詞性接尾辞うる型,タ系連用テ形,うる,えて,*
えたり,1211,1211,11414,接尾辞,動詞性接尾辞,動詞性接尾辞うる型,タ系連用タリ形,うる,えたり,*
得る,1229,1229,9204,接尾辞,動詞性接尾辞,動詞性接尾辞得る型,基本形,得る,うる,*
得,1231,1231,8900,接尾辞,動詞性接尾辞,動詞性接尾辞得る型,未然形,得る,え,*
得れば,1230,1230,9364,接尾辞,動詞性接尾辞,動詞性接尾辞得る型,基本条件形,得る,うれば,*
得た,1224,1224,9346,接尾辞,動詞性接尾辞,動詞性接尾辞得る型,タ形,得る,えた,*
得たろう,1226,1226,9364,接尾辞,動詞性接尾辞,動詞性接尾辞得る型,タ系推量形,得る,えたろう,*
得たら,1225,1225,9351,接尾辞,動詞性接尾辞,動詞性接尾辞得る型,タ系条件形,得る,えたら,*
得て,1228,1228,9265,接尾辞,動詞性接尾辞,動詞性接尾辞得る型,タ系連用テ形,得る,えて,*
得たり,1227,1227,9364,接尾辞,動詞性接尾辞,動詞性接尾辞得る型,タ系連用タリ形,得る,えたり,*
ござい,1222,1222,11304,接尾辞,動詞性接尾辞,動詞性接尾辞ます型,語幹,ございます,ござい,*
ございます,1221,1221,11159,接尾辞,動詞性接尾辞,動詞性接尾辞ます型,基本形,ございます,ございます,*
ございませ,1223,1223,11653,接尾辞,動詞性接尾辞,動詞性接尾辞ます型,未然形,ございます,ございませ,*
ございましょう,1220,1220,11302,接尾辞,動詞性接尾辞,動詞性接尾辞ます型,意志形,ございます,ございましょう,*
ございました,1216,1216,10911,接尾辞,動詞性接尾辞,動詞性接尾辞ます型,タ形,ございます,ございました,*
ございましたら,1217,1217,11302,接尾辞,動詞性接尾辞,動詞性接尾辞ます型,タ系条件形,ございます,ございましたら,*
ございまして,1219,1219,11302,接尾辞,動詞性接尾辞,動詞性接尾辞ます型,タ系連用テ形,ございます,ございまして,*
ございましたり,1218,1218,11302,接尾辞,動詞性接尾辞,動詞性接尾辞ます型,タ系連用タリ形,ございます,ございましたり,*
御座い,1222,1222,9895,接尾辞,動詞性接尾辞,動詞性接尾辞ます型,語幹,御座います,ござい,*
御座います,1221,1221,9894,接尾辞,動詞性接尾辞,動詞性接尾辞ます型,基本形,御座います,ございます,*
御座いませ,1223,1223,9894,接尾辞,動詞性接尾辞,動詞性接尾辞ます型,未然形,御座います,ございませ,*
御座いましょう,1220,1220,9895,接尾辞,動詞性接尾辞,動詞性接尾辞ます型,意志形,御座います,ございましょう,*
御座いました,1216,1216,9894,接尾辞,動詞性接尾辞,動詞性接尾辞ます型,タ形,御座います,ございました,*
御座いましたら,1217,1217,9895,接尾辞,動詞性接尾辞,動詞性接尾辞ます型,タ系条件形,御座います,ございましたら,*
御座いまして,1219,1219,9895,接尾辞,動詞性接尾辞,動詞性接尾辞ます型,タ系連用テ形,御座います,ございまして,*
御座いましたり,1218,1218,9895,接尾辞,動詞性接尾辞,動詞性接尾辞ます型,タ系連用タリ形,御座います,ございましたり,*
ぞんじ,1222,1222,11446,接尾辞,動詞性接尾辞,動詞性接尾辞ます型,語幹,ぞんじます,ぞんじ,*
ぞんじます,1221,1221,11528,接尾辞,動詞性接尾辞,動詞性接尾辞ます型,基本形,ぞんじます,ぞんじます,*
ぞんじませ,1223,1223,11483,接尾辞,動詞性接尾辞,動詞性接尾辞ます型,未然形,ぞんじます,ぞんじませ,*
ぞんじましょう,1220,1220,11483,接尾辞,動詞性接尾辞,動詞性接尾辞ます型,意志形,ぞんじます,ぞんじましょう,*
ぞんじました,1216,1216,11483,接尾辞,動詞性接尾辞,動詞性接尾辞ます型,タ形,ぞんじます,ぞんじました,*
ぞんじましたら,1217,1217,11483,接尾辞,動詞性接尾辞,動詞性接尾辞ます型,タ系条件形,ぞんじます,ぞんじましたら,*
ぞんじまして,1219,1219,11483,接尾辞,動詞性接尾辞,動詞性接尾辞ます型,タ系連用テ形,ぞんじます,ぞんじまして,*
ぞんじましたり,1218,1218,11483,接尾辞,動詞性接尾辞,動詞性接尾辞ます型,タ系連用タリ形,ぞんじます,ぞんじましたり,*
存じ,1222,1222,9999,接尾辞,動詞性接尾辞,動詞性接尾辞ます型,語幹,存じます,ぞんじ,*
存じます,1221,1221,10209,接尾辞,動詞性接尾辞,動詞性接尾辞ます型,基本形,存じます,ぞんじます,*
存じませ,1223,1223,10032,接尾辞,動詞性接尾辞,動詞性接尾辞ます型,未然形,存じます,ぞんじませ,*
存じましょう,1220,1220,10032,接尾辞,動詞性接尾辞,動詞性接尾辞ます型,意志形,存じます,ぞんじましょう,*
存じました,1216,1216,10032,接尾辞,動詞性接尾辞,動詞性接尾辞ます型,タ形,存じます,ぞんじました,*
存じましたら,1217,1217,10032,接尾辞,動詞性接尾辞,動詞性接尾辞ます型,タ系条件形,存じます,ぞんじましたら,*
存じまして,1219,1219,10032,接尾辞,動詞性接尾辞,動詞性接尾辞ます型,タ系連用テ形,存じます,ぞんじまして,*
存じましたり,1218,1218,10032,接尾辞,動詞性接尾辞,動詞性接尾辞ます型,タ系連用タリ形,存じます,ぞんじましたり,*
過ぎ,1243,1243,10640,接尾辞,動詞性接尾辞,母音動詞,語幹,過ぎる,すぎ,*
過ぎる,1240,1240,8955,接尾辞,動詞性接尾辞,母音動詞,基本形,過ぎる,すぎる,*
過ぎ,1245,1245,10640,接尾辞,動詞性接尾辞,母音動詞,未然形,過ぎる,すぎ,*
過ぎよう,1238,1238,9938,接尾辞,動詞性接尾辞,母音動詞,意志形,過ぎる,すぎよう,*
過ぎろ,1246,1246,9911,接尾辞,動詞性接尾辞,母音動詞,命令形,過ぎる,すぎろ,*
過ぎれば,1241,1241,9785,接尾辞,動詞性接尾辞,母音動詞,基本条件形,過ぎる,すぎれば,*
過ぎ,1242,1242,10640,接尾辞,動詞性接尾辞,母音動詞,基本連用形,過ぎる,すぎ,*
過ぎた,1232,1232,9740,接尾辞,動詞性接尾辞,母音動詞,タ形,過ぎる,すぎた,*
過ぎたろう,1234,1234,9911,接尾辞,動詞性接尾辞,母音動詞,タ系推量形,過ぎる,すぎたろう,*
過ぎたら,1233,1233,9911,接尾辞,動詞性接尾辞,母音動詞,タ系条件形,過ぎる,すぎたら,*
過ぎて,1237,1237,9663,接尾辞,動詞性接尾辞,母音動詞,タ系連用テ形,過ぎる,すぎて,*
過ぎたり,1235,1235,9911,接尾辞,動詞性接尾辞,母音動詞,タ系連用タリ形,過ぎる,すぎたり,*
過ぎちゃ,1236,1236,9911,接尾辞,動詞性接尾辞,母音動詞,タ系連用チャ形,過ぎる,すぎちゃ,*
過ぎりゃ,1239,1239,9911,接尾辞,動詞性接尾辞,母音動詞,音便条件形,過ぎる,すぎりゃ,*
過ぎよ,1244,1244,9919,接尾辞,動詞性接尾辞,母音動詞,文語命令形,過ぎる,すぎよ,*
すぎ,1243,1243,10766,接尾辞,動詞性接尾辞,母音動詞,語幹,すぎる,すぎ,*
すぎる,1240,1240,10098,接尾辞,動詞性接尾辞,母音動詞,基本形,すぎる,すぎる,*
すぎ,1245,1245,10766,接尾辞,動詞性接尾辞,母音動詞,未然形,すぎる,すぎ,*
すぎよう,1238,1238,10726,接尾辞,動詞性接尾辞,母音動詞,意志形,すぎる,すぎよう,*
すぎろ,1246,1246,10754,接尾辞,動詞性接尾辞,母音動詞,命令形,すぎる,すぎろ,*
すぎれば,1241,1241,10676,接尾辞,動詞性接尾辞,母音動詞,基本条件形,すぎる,すぎれば,*
すぎ,1242,1242,10766,接尾辞,動詞性接尾辞,母音動詞,基本連用形,すぎる,すぎ,*
すぎた,1232,1232,10514,接尾辞,動詞性接尾辞,母音動詞,タ形,すぎる,すぎた,*
すぎたろう,1234,1234,10754,接尾辞,動詞性接尾辞,母音動詞,タ系推量形,すぎる,すぎたろう,*
すぎたら,1233,1233,10754,接尾辞,動詞性接尾辞,母音動詞,タ系条件形,すぎる,すぎたら,*
すぎて,1237,1237,10638,接尾辞,動詞性接尾辞,母音動詞,タ系連用テ形,すぎる,すぎて,*
すぎたり,1235,1235,10754,接尾辞,動詞性接尾辞,母音動詞,タ系連用タリ形,すぎる,すぎたり,*
すぎちゃ,1236,1236,10754,接尾辞,動詞性接尾辞,母音動詞,タ系連用チャ形,すぎる,すぎちゃ,*
すぎりゃ,1239,1239,10754,接尾辞,動詞性接尾辞,母音動詞,音便条件形,すぎる,すぎりゃ,*
すぎよ,1244,1244,10756,接尾辞,動詞性接尾辞,母音動詞,文語命令形,すぎる,すぎよ,*
が,1177,1177,11894,接尾辞,動詞性接尾辞,子音動詞ラ行,語幹,がる,が,*
がる,1174,1174,11513,接尾辞,動詞性接尾辞,子音動詞ラ行,基本形,がる,がる,*
がら,1178,1178,11839,接尾辞,動詞性接尾辞,子音動詞ラ行,未然形,がる,がら,*
がろう,1172,1172,11495,接尾辞,動詞性接尾辞,子音動詞ラ行,意志形,がる,がろう,*
がれ,1179,1179,11532,接尾辞,動詞性接尾辞,子音動詞ラ行,命令形,がる,がれ,*
がれば,1175,1175,11496,接尾辞,動詞性接尾辞,子音動詞ラ行,基本条件形,がる,がれば,*
がり,1176,1176,11356,接尾辞,動詞性接尾辞,子音動詞ラ行,基本連用形,がる,がり,*
がった,1166,1166,11503,接尾辞,動詞性接尾辞,子音動詞ラ行,タ形,がる,がった,*
がったろう,1168,1168,11495,接尾辞,動詞性接尾辞,子音動詞ラ行,タ系推量形,がる,がったろう,*
がったら,1167,1167,11496,接尾辞,動詞性接尾辞,子音動詞ラ行,タ系条件形,がる,がったら,*
がって,1171,1171,11253,接尾辞,動詞性接尾辞,子音動詞ラ行,タ系連用テ形,がる,がって,*
がったり,1169,1169,11495,接尾辞,動詞性接尾辞,子音動詞ラ行,タ系連用タリ形,がる,がったり,*
がっちゃ,1170,1170,11495,接尾辞,動詞性接尾辞,子音動詞ラ行,タ系連用チャ形,がる,がっちゃ,*
がりゃ,1173,1173,11495,接尾辞,動詞性接尾辞,子音動詞ラ行,音便条件形,がる,がりゃ,*
かか,1177,1177,11314,接尾辞,動詞性接尾辞,子音動詞ラ行,語幹,かかる,かか,*
かかる,1174,1174,10947,接尾辞,動詞性接尾辞,子音動詞ラ行,基本形,かかる,かかる,*
かから,1178,1178,10998,接尾辞,動詞性接尾辞,子音動詞ラ行,未然形,かかる,かから,*
かかろう,1172,1172,11235,接尾辞,動詞性接尾辞,子音動詞ラ行,意志形,かかる,かかろう,*
かかれ,1179,1179,11235,接尾辞,動詞性接尾辞,子音動詞ラ行,命令形,かかる,かかれ,*
かかれば,1175,1175,11235,接尾辞,動詞性接尾辞,子音動詞ラ行,基本条件形,かかる,かかれば,*
かかり,1176,1176,11306,接尾辞,動詞性接尾辞,子音動詞ラ行,基本連用形,かかる,かかり,*
かかった,1166,1166,11356,接尾辞,動詞性接尾辞,子音動詞ラ行,タ形,かかる,かかった,*
かかったろう,1168,1168,11235,接尾辞,動詞性接尾辞,子音動詞ラ行,タ系推量形,かかる,かかったろう,*
かかったら,1167,1167,11235,接尾辞,動詞性接尾辞,子音動詞ラ行,タ系条件形,かかる,かかったら,*
かかって,1171,1171,10743,接尾辞,動詞性接尾辞,子音動詞ラ行,タ系連用テ形,かかる,かかって,*
かかったり,1169,1169,11235,接尾辞,動詞性接尾辞,子音動詞ラ行,タ系連用タリ形,かかる,かかったり,*
かかっちゃ,1170,1170,11235,接尾辞,動詞性接尾辞,子音動詞ラ行,タ系連用チャ形,かかる,かかっちゃ,*
かかりゃ,1173,1173,11235,接尾辞,動詞性接尾辞,子音動詞ラ行,音便条件形,かかる,かかりゃ,*
かけ,1243,1243,11677,接尾辞,動詞性接尾辞,母音動詞,語幹,かける,かけ,*
かける,1240,1240,11733,接尾辞,動詞性接尾辞,母音動詞,基本形,かける,かける,*
かけ,1245,1245,11677,接尾辞,動詞性接尾辞,母音動詞,未然形,かける,かけ,*
かけよう,1238,1238,11652,接尾辞,動詞性接尾辞,母音動詞,意志形,かける,かけよう,*
かけろ,1246,1246,11652,接尾辞,動詞性接尾辞,母音動詞,命令形,かける,かけろ,*
かければ,1241,1241,11652,接尾辞,動詞性接尾辞,母音動詞,基本条件形,かける,かければ,*
かけ,1242,1242,11677,接尾辞,動詞性接尾辞,母音動詞,基本連用形,かける,かけ,*
かけた,1232,1232,11570,接尾辞,動詞性接尾辞,母音動詞,タ形,かける,かけた,*
かけたろう,1234,1234,11652,接尾辞,動詞性接尾辞,母音動詞,タ系推量形,かける,かけたろう,*
かけたら,1233,1233,11652,接尾辞,動詞性接尾辞,母音動詞,タ系条件形,かける,かけたら,*
かけて,1237,1237,11689,接尾辞,動詞性接尾辞,母音動詞,タ系連用テ形,かける,かけて,*
かけたり,1235,1235,11652,接尾辞,動詞性接尾辞,母音動詞,タ系連用タリ形,かける,かけたり,*
かけちゃ,1236,1236,11652,接尾辞,動詞性接尾辞,母音動詞,タ系連用チャ形,かける,かけちゃ,*
かけりゃ,1239,1239,11652,接尾辞,動詞性接尾辞,母音動詞,音便条件形,かける,かけりゃ,*
かけよ,1244,1244,11652,接尾辞,動詞性接尾辞,母音動詞,文語命令形,かける,かけよ,*
かね,1243,1243,9745,接尾辞,動詞性接尾辞,母音動詞,語幹,かねる,かね,*
かねる,1240,1240,10767,接尾辞,動詞性接尾辞,母音動詞,基本形,かねる,かねる,*
かね,1245,1245,9745,接尾辞,動詞性接尾辞,母音動詞,未然形,かねる,かね,*
かねよう,1238,1238,10924,接尾辞,動詞性接尾辞,母音動詞,意志形,かねる,かねよう,*
かねろ,1246,1246,10924,接尾辞,動詞性接尾辞,母音動詞,命令形,かねる,かねろ,*
かねれば,1241,1241,10924,接尾辞,動詞性接尾辞,母音動詞,基本条件形,かねる,かねれば,*
かね,1242,1242,9745,接尾辞,動詞性接尾辞,母音動詞,基本連用形,かねる,かね,*
かねた,1232,1232,10929,接尾辞,動詞性接尾辞,母音動詞,タ形,かねる,かねた,*
かねたろう,1234,1234,10924,接尾辞,動詞性接尾辞,母音動詞,タ系推量形,かねる,かねたろう,*
かねたら,1233,1233,10924,接尾辞,動詞性接尾辞,母音動詞,タ系条件形,かねる,かねたら,*
かねて,1237,1237,10940,接尾辞,動詞性接尾辞,母音動詞,タ系連用テ形,かねる,かねて,*
かねたり,1235,1235,10924,接尾辞,動詞性接尾辞,母音動詞,タ系連用タリ形,かねる,かねたり,*
かねちゃ,1236,1236,10924,接尾辞,動詞性接尾辞,母音動詞,タ系連用チャ形,かねる,かねちゃ,*
かねりゃ,1239,1239,10924,接尾辞,動詞性接尾辞,母音動詞,音便条件形,かねる,かねりゃ,*
かねよ,1244,1244,10924,接尾辞,動詞性接尾辞,母音動詞,文語命令形,かねる,かねよ,*
あぐ,1163,1163,11484,接尾辞,動詞性接尾辞,子音動詞マ行,語幹,あぐむ,あぐ,*
あぐむ,1160,1160,11484,接尾辞,動詞性接尾辞,子音動詞マ行,基本形,あぐむ,あぐむ,*
あぐま,1164,1164,11483,接尾辞,動詞性接尾辞,子音動詞マ行,未然形,あぐむ,あぐま,*
あぐもう,1158,1158,11484,接尾辞,動詞性接尾辞,子音動詞マ行,意志形,あぐむ,あぐもう,*
あぐめ,1165,1165,11484,接尾辞,動詞性接尾辞,子音動詞マ行,命令形,あぐむ,あぐめ,*
あぐめば,1161,1161,11484,接尾辞,動詞性接尾辞,子音動詞マ行,基本条件形,あぐむ,あぐめば,*
あぐみ,1162,1162,11484,接尾辞,動詞性接尾辞,子音動詞マ行,基本連用形,あぐむ,あぐみ,*
あぐんだ,1152,1152,11484,接尾辞,動詞性接尾辞,子音動詞マ行,タ形,あぐむ,あぐんだ,*
あぐんだろう,1154,1154,11484,接尾辞,動詞性接尾辞,子音動詞マ行,タ系推量形,あぐむ,あぐんだろう,*
あぐんだら,1153,1153,11484,接尾辞,動詞性接尾辞,子音動詞マ行,タ系条件形,あぐむ,あぐんだら,*
あぐんで,1157,1157,11484,接尾辞,動詞性接尾辞,子音動詞マ行,タ系連用テ形,あぐむ,あぐんで,*
あぐんだり,1155,1155,11484,接尾辞,動詞性接尾辞,子音動詞マ行,タ系連用タリ形,あぐむ,あぐんだり,*
あぐんじゃ,1156,1156,11484,接尾辞,動詞性接尾辞,子音動詞マ行,タ系連用チャ形,あぐむ,あぐんじゃ,*
あぐみゃ,1159,1159,11484,接尾辞,動詞性接尾辞,子音動詞マ行,音便条件形,あぐむ,あぐみゃ,*
あぐね,1243,1243,11483,接尾辞,動詞性接尾辞,母音動詞,語幹,あぐねる,あぐね,*
あぐねる,1240,1240,11483,接尾辞,動詞性接尾辞,母音動詞,基本形,あぐねる,あぐねる,*
あぐね,1245,1245,11483,接尾辞,動詞性接尾辞,母音動詞,未然形,あぐねる,あぐね,*
あぐねよう,1238,1238,11483,接尾辞,動詞性接尾辞,母音動詞,意志形,あぐねる,あぐねよう,*
あぐねろ,1246,1246,11483,接尾辞,動詞性接尾辞,母音動詞,命令形,あぐねる,あぐねろ,*
あぐねれば,1241,1241,11483,接尾辞,動詞性接尾辞,母音動詞,基本条件形,あぐねる,あぐねれば,*
あぐね,1242,1242,11483,接尾辞,動詞性接尾辞,母音動詞,基本連用形,あぐねる,あぐね,*
あぐねた,1232,1232,11483,接尾辞,動詞性接尾辞,母音動詞,タ形,あぐねる,あぐねた,*
あぐねたろう,1234,1234,11483,接尾辞,動詞性接尾辞,母音動詞,タ系推量形,あぐねる,あぐねたろう,*
あぐねたら,1233,1233,11483,接尾辞,動詞性接尾辞,母音動詞,タ系条件形,あぐねる,あぐねたら,*
あぐねて,1237,1237,11483,接尾辞,動詞性接尾辞,母音動詞,タ系連用テ形,あぐねる,あぐねて,*
あぐねたり,1235,1235,11483,接尾辞,動詞性接尾辞,母音動詞,タ系連用タリ形,あぐねる,あぐねたり,*
あぐねちゃ,1236,1236,11483,接尾辞,動詞性接尾辞,母音動詞,タ系連用チャ形,あぐねる,あぐねちゃ,*
あぐねりゃ,1239,1239,11483,接尾辞,動詞性接尾辞,母音動詞,音便条件形,あぐねる,あぐねりゃ,*
あぐねよ,1244,1244,11483,接尾辞,動詞性接尾辞,母音動詞,文語命令形,あぐねる,あぐねよ,*
そびれ,1243,1243,11483,接尾辞,動詞性接尾辞,母音動詞,語幹,そびれる,そびれ,*
そびれる,1240,1240,11483,接尾辞,動詞性接尾辞,母音動詞,基本形,そびれる,そびれる,*
そびれ,1245,1245,11483,接尾辞,動詞性接尾辞,母音動詞,未然形,そびれる,そびれ,*
そびれよう,1238,1238,11483,接尾辞,動詞性接尾辞,母音動詞,意志形,そびれる,そびれよう,*
そびれろ,1246,1246,11483,接尾辞,動詞性接尾辞,母音動詞,命令形,そびれる,そびれろ,*
そびれれば,1241,1241,11483,接尾辞,動詞性接尾辞,母音動詞,基本条件形,そびれる,そびれれば,*
そびれ,1242,1242,11483,接尾辞,動詞性接尾辞,母音動詞,基本連用形,そびれる,そびれ,*
そびれた,1232,1232,11483,接尾辞,動詞性接尾辞,母音動詞,タ形,そびれる,そびれた,*
そびれたろう,1234,1234,11483,接尾辞,動詞性接尾辞,母音動詞,タ系推量形,そびれる,そびれたろう,*
そびれたら,1233,1233,11483,接尾辞,動詞性接尾辞,母音動詞,タ系条件形,そびれる,そびれたら,*
そびれて,1237,1237,11483,接尾辞,動詞性接尾辞,母音動詞,タ系連用テ形,そびれる,そびれて,*
そびれたり,1235,1235,11483,接尾辞,動詞性接尾辞,母音動詞,タ系連用タリ形,そびれる,そびれたり,*
そびれちゃ,1236,1236,11483,接尾辞,動詞性接尾辞,母音動詞,タ系連用チャ形,そびれる,そびれちゃ,*
そびれりゃ,1239,1239,11483,接尾辞,動詞性接尾辞,母音動詞,音便条件形,そびれる,そびれりゃ,*
そびれよ,1244,1244,11483,接尾辞,動詞性接尾辞,母音動詞,文語命令形,そびれる,そびれよ,*
め,1121,1121,11258,接尾辞,動詞性接尾辞,子音動詞カ行,語幹,めく,め,*
めく,1118,1118,11233,接尾辞,動詞性接尾辞,子音動詞カ行,基本形,めく,めく,*
めか,1122,1122,11233,接尾辞,動詞性接尾辞,子音動詞カ行,未然形,めく,めか,*
めこう,1116,1116,11232,接尾辞,動詞性接尾辞,子音動詞カ行,意志形,めく,めこう,*
めけ,1123,1123,11232,接尾辞,動詞性接尾辞,子音動詞カ行,命令形,めく,めけ,*
めけば,1119,1119,11232,接尾辞,動詞性接尾辞,子音動詞カ行,基本条件形,めく,めけば,*
めき,1120,1120,11232,接尾辞,動詞性接尾辞,子音動詞カ行,基本連用形,めく,めき,*
めいた,1110,1110,10864,接尾辞,動詞性接尾辞,子音動詞カ行,タ形,めく,めいた,*
めいたろう,1112,1112,11232,接尾辞,動詞性接尾辞,子音動詞カ行,タ系推量形,めく,めいたろう,*
めいたら,1111,1111,11232,接尾辞,動詞性接尾辞,子音動詞カ行,タ系条件形,めく,めいたら,*
めいて,1115,1115,11233,接尾辞,動詞性接尾辞,子音動詞カ行,タ系連用テ形,めく,めいて,*
めいたり,1113,1113,11232,接尾辞,動詞性接尾辞,子音動詞カ行,タ系連用タリ形,めく,めいたり,*
めいちゃ,1114,1114,11232,接尾辞,動詞性接尾辞,子音動詞カ行,タ系連用チャ形,めく,めいちゃ,*
めきゃ,1117,1117,11232,接尾辞,動詞性接尾辞,子音動詞カ行,音便条件形,めく,めきゃ,*
